case_id,objection_type,objecting_groups,prior_broken_promises,turnout_ratio,gram_sabha_outcome,escalation_language,asset_loss_type
LA00001,fundamental,agricultural labourers,False,0.73,deferred,False,burial ground
LA00002,none,,False,0.89,passed,False,none
LA00003,procedural,landowning farmers,False,1.06,deferred,False,none
LA00004,none,,False,0.93,passed,False,none
LA00005,none,,False,0.61,passed,False,none
LA00006,none,,False,1.26,passed,False,none
LA00007,none,,True,0.47,passed,False,none
LA00008,none,,True,0.28,passed,False,none
LA00009,none,,False,0.18,deferred,False,community water tank
LA00010,procedural,landowning farmers,True,2.0,deferred,False,none
LA00011,none,,False,0.31,passed,False,community water tank
LA00012,procedural,tenant cultivators;elected Panchayat members;landowning farmers,False,0.05,passed,False,none
LA00013,procedural,tenant cultivators;landowning farmers,True,2.0,deferred,False,none
LA00014,procedural,local shopkeepers and traders;agricultural labourers,False,0.84,passed,False,none
LA00015,none,,False,0.78,passed,False,community water tank
LA00016,fundamental,landowning farmers;tenant cultivators,False,1.14,deferred,True,none
LA00017,procedural,elected Panchayat members;agricultural labourers;tenant cultivators,False,0.12,rejected,False,sacred grove
LA00018,none,,False,0.29,passed,False,none
LA00019,none,,False,0.43,passed,False,burial ground
LA00020,procedural,agricultural labourers,False,0.09,passed,False,community water tank
LA00021,procedural,representatives of the Scheduled Tribe community;local shopkeepers and traders;landowning farmers,False,0.6,deferred,True,none
LA00022,none,,False,0.56,passed,False,none
LA00023,procedural,agricultural labourers;tenant cultivators;landowning farmers,False,0.8,deferred,False,none
LA00024,fundamental,landowning farmers,True,1.12,passed,True,grazing commons
LA00025,none,,False,0.75,passed,False,none
LA00026,procedural,representatives of the Scheduled Tribe community,False,0.22,passed,False,none
LA00027,fundamental,landowning farmers,False,0.72,deferred,True,irrigation source
LA00028,procedural,agricultural labourers;representatives of the Scheduled Tribe community;tenant cultivators,False,2.67,rejected,True,none
LA00029,none,,False,0.68,passed,False,none
LA00030,none,,False,0.63,passed,False,none
LA00031,none,,False,0.57,passed,False,none
LA00032,none,,False,0.53,passed,False,none
LA00033,procedural,representatives of the Scheduled Tribe community,False,0.63,passed,True,none
LA00034,procedural,landowning farmers;representatives of the Scheduled Tribe community,True,0.24,rejected,False,burial ground
LA00035,none,,False,0.46,passed,False,none
LA00036,none,,False,1.02,deferred,False,none
LA00037,procedural,landowning farmers;the local women's self-help group;elected Panchayat members,False,0.38,deferred,False,sacred grove
LA00038,none,,False,1.6,passed,False,none
LA00039,procedural,tenant cultivators;landowning farmers,True,0.48,deferred,False,grazing commons
LA00040,none,,False,0.47,rejected,False,none
LA00041,fundamental,elected Panchayat members,False,0.67,rejected,True,grazing commons
LA00042,none,,True,0.47,passed,False,none
LA00043,none,,False,0.67,deferred,False,community water tank
LA00044,fundamental,local shopkeepers and traders;tenant cultivators;landowning farmers,False,0.08,rejected,True,none
LA00045,procedural,landowning farmers,True,0.37,passed,True,none
LA00046,none,,False,0.5,passed,False,irrigation source
LA00047,fundamental,representatives of the Scheduled Tribe community,True,0.05,passed,True,none
LA00048,none,,False,0.36,passed,False,community water tank
LA00049,fundamental,tenant cultivators;landowning farmers,False,0.5,rejected,True,none
LA00050,none,,False,0.29,passed,False,community water tank
LA00051,none,,False,0.28,passed,False,none
LA00052,none,,False,0.36,passed,False,community water tank
LA00053,none,,False,0.48,passed,False,community water tank
LA00054,procedural,agricultural labourers;local shopkeepers and traders;representatives of the Scheduled Tribe community,True,0.8,passed,False,none
LA00055,procedural,representatives of the Scheduled Tribe community;tenant cultivators,False,0.89,deferred,False,none
LA00056,none,,False,0.53,passed,False,community water tank
LA00057,none,,False,0.56,passed,False,none
LA00058,fundamental,agricultural labourers;the local women's self-help group,False,4.0,rejected,True,none
LA00059,none,,False,0.57,passed,False,none
LA00060,none,,True,0.81,passed,False,none
LA00061,procedural,landowning farmers,False,0.8,passed,False,none
LA00062,procedural,tenant cultivators,False,0.55,passed,False,none
LA00063,fundamental,elected Panchayat members;tenant cultivators,True,0.73,rejected,False,none
LA00064,none,,False,0.38,passed,False,none
LA00065,procedural,the local women's self-help group;agricultural labourers;tenant cultivators,False,0.49,deferred,False,none
LA00066,none,,False,0.51,passed,False,community water tank
LA00067,none,,False,0.62,passed,False,none
LA00068,none,,True,0.47,passed,False,none
LA00069,none,,False,0.57,rejected,False,none
LA00070,procedural,tenant cultivators;landowning farmers;representatives of the Scheduled Tribe community,True,0.66,rejected,False,none
LA00071,none,,False,1.0,passed,False,none
LA00072,none,,False,0.05,deferred,False,none
LA00073,procedural,local shopkeepers and traders;tenant cultivators;elected Panchayat members,True,0.87,deferred,False,community water tank
LA00074,none,,True,0.2,passed,True,community water tank
LA00075,none,,False,0.5,passed,False,none
LA00076,none,,False,0.95,passed,False,community water tank
LA00077,procedural,representatives of the Scheduled Tribe community;elected Panchayat members,False,0.33,passed,False,none
LA00078,none,,True,0.91,passed,False,none
LA00079,fundamental,representatives of the Scheduled Tribe community;local shopkeepers and traders,False,0.47,rejected,True,none
LA00080,none,,False,0.66,rejected,False,none
LA00081,fundamental,landowning farmers,False,0.18,deferred,True,none
LA00082,procedural,landowning farmers,True,1.0,passed,True,none
LA00083,none,,False,0.88,passed,False,irrigation source
LA00084,procedural,tenant cultivators;agricultural labourers,False,0.05,deferred,False,none
LA00085,procedural,landowning farmers,False,0.67,rejected,False,none
LA00086,none,,False,0.5,passed,False,none
LA00087,none,,False,0.83,passed,False,none
LA00088,none,,False,0.91,passed,False,none
LA00089,none,,False,0.79,passed,False,sacred grove
LA00090,none,,True,0.89,passed,False,none
LA00091,procedural,tenant cultivators,False,0.63,passed,False,none
LA00092,procedural,elected Panchayat members;landowning farmers,False,0.93,passed,False,none
LA00093,none,,True,0.42,passed,True,grazing commons
LA00094,fundamental,agricultural labourers;landowning farmers,False,0.89,rejected,True,none
LA00095,fundamental,elected Panchayat members;agricultural labourers,False,0.48,rejected,True,none
LA00096,procedural,tenant cultivators;representatives of the Scheduled Tribe community;landowning farmers,False,0.43,passed,False,sacred grove
LA00097,procedural,tenant cultivators,False,0.39,passed,True,none
LA00098,none,,False,0.99,passed,False,none
LA00099,fundamental,landowning farmers,False,0.91,rejected,False,none
LA00100,none,,False,0.49,passed,False,none
LA00101,none,,True,0.43,passed,False,none
LA00102,fundamental,landowning farmers;elected Panchayat members,False,0.74,deferred,False,none
LA00103,none,,False,2.0,passed,False,none
LA00104,none,,True,2.0,passed,False,none
LA00105,procedural,landowning farmers;the local women's self-help group,True,0.31,deferred,False,none
LA00106,fundamental,representatives of the Scheduled Tribe community;tenant cultivators,False,0.35,rejected,False,none
LA00107,procedural,tenant cultivators,False,0.64,deferred,False,community water tank
LA00108,procedural,local shopkeepers and traders,False,0.64,deferred,False,none
LA00109,none,,False,0.77,passed,False,grazing commons
LA00110,fundamental,landowning farmers;the local women's self-help group;representatives of the Scheduled Tribe community,False,0.5,passed,False,none
LA00111,none,,False,0.68,passed,False,none
LA00112,none,,False,0.17,passed,False,none
LA00113,none,,False,0.82,deferred,False,none
LA00114,fundamental,landowning farmers,False,0.74,rejected,False,irrigation source
LA00115,none,,False,0.64,passed,False,none
LA00116,none,,False,0.6,passed,False,none
LA00117,procedural,tenant cultivators;elected Panchayat members;landowning farmers,True,0.29,deferred,False,irrigation source
LA00118,none,,False,0.62,passed,True,none
LA00119,procedural,landowning farmers;tenant cultivators;agricultural labourers,False,0.51,deferred,False,none
LA00120,procedural,the local women's self-help group;landowning farmers;elected Panchayat members,True,0.17,passed,True,none
LA00121,fundamental,elected Panchayat members,False,0.53,deferred,False,none
LA00122,none,,False,0.62,passed,False,grazing commons
LA00123,procedural,elected Panchayat members;tenant cultivators,False,0.34,deferred,False,none
LA00124,fundamental,tenant cultivators,False,0.34,rejected,True,sacred grove
LA00125,none,,False,0.23,passed,False,irrigation source
LA00126,none,,False,0.73,passed,False,none
LA00127,none,,False,0.87,passed,False,none
LA00128,none,,False,0.46,passed,False,sacred grove
LA00129,none,,False,0.2,passed,False,grazing commons
LA00130,procedural,representatives of the Scheduled Tribe community;local shopkeepers and traders,False,0.42,deferred,False,sacred grove
LA00131,none,,False,0.61,deferred,False,none
LA00132,procedural,tenant cultivators,False,1.05,deferred,False,none
LA00133,fundamental,the local women's self-help group;representatives of the Scheduled Tribe community;landowning farmers,True,0.44,rejected,False,none
LA00134,procedural,elected Panchayat members;agricultural labourers;the local women's self-help group,False,0.61,deferred,False,none
LA00135,none,,False,0.62,deferred,False,irrigation source
LA00136,none,,False,0.57,passed,False,none
LA00137,procedural,agricultural labourers,False,0.22,passed,True,none
LA00138,none,,True,0.4,passed,False,none
LA00139,none,,False,0.89,deferred,False,none
LA00140,fundamental,landowning farmers;tenant cultivators;representatives of the Scheduled Tribe community,False,0.58,passed,False,none
LA00141,none,,False,0.22,deferred,False,none
LA00142,fundamental,agricultural labourers;landowning farmers,False,0.61,deferred,True,irrigation source
LA00143,fundamental,the local women's self-help group;agricultural labourers,False,0.87,passed,True,none
LA00144,fundamental,landowning farmers;representatives of the Scheduled Tribe community;agricultural labourers,False,0.7,deferred,False,none
LA00145,fundamental,tenant cultivators;elected Panchayat members,False,0.32,deferred,False,none
LA00146,none,,True,0.73,passed,False,none
LA00147,fundamental,tenant cultivators,True,0.75,passed,False,none
LA00148,none,,False,0.55,passed,True,none
LA00149,fundamental,tenant cultivators,False,0.77,deferred,True,none
LA00150,fundamental,tenant cultivators;landowning farmers,False,0.5,rejected,True,sacred grove
LA00151,none,,False,0.57,passed,True,none
LA00152,none,,False,0.12,passed,False,none
LA00153,procedural,the local women's self-help group,False,0.7,passed,False,irrigation source
LA00154,procedural,landowning farmers,False,1.02,passed,False,irrigation source
LA00155,fundamental,representatives of the Scheduled Tribe community;landowning farmers,False,0.67,passed,True,none
LA00156,none,,False,0.52,passed,False,none
LA00157,fundamental,tenant cultivators;representatives of the Scheduled Tribe community;the local women's self-help group,True,0.76,passed,False,none
LA00158,procedural,elected Panchayat members,False,0.17,passed,False,community water tank
LA00159,none,,False,0.14,passed,False,sacred grove
LA00160,procedural,representatives of the Scheduled Tribe community,False,0.15,deferred,False,none
LA00161,none,,False,0.98,passed,True,none
LA00162,fundamental,agricultural labourers,False,0.36,passed,True,none
LA00163,none,,True,0.29,passed,False,irrigation source
LA00164,fundamental,elected Panchayat members,True,0.33,rejected,True,none
LA00165,fundamental,representatives of the Scheduled Tribe community;tenant cultivators,False,0.64,rejected,False,none
LA00166,fundamental,elected Panchayat members;tenant cultivators,True,0.83,deferred,True,none
LA00167,none,,False,0.51,passed,False,grazing commons
LA00168,none,,True,0.3,passed,False,none
LA00169,none,,False,0.47,passed,False,community water tank
LA00170,none,,False,0.55,passed,False,irrigation source
LA00171,none,,False,0.91,deferred,False,irrigation source
LA00172,procedural,landowning farmers,False,0.47,deferred,True,none
LA00173,none,,False,0.6,passed,False,none
LA00174,none,,False,0.57,passed,False,none
LA00175,procedural,representatives of the Scheduled Tribe community;the local women's self-help group;agricultural labourers,False,0.39,deferred,False,none
LA00176,procedural,landowning farmers,False,0.75,deferred,False,irrigation source
LA00177,fundamental,the local women's self-help group,False,0.11,rejected,True,none
LA00178,none,,False,0.62,rejected,False,none
LA00179,procedural,landowning farmers;elected Panchayat members;the local women's self-help group,False,0.26,deferred,False,none
LA00180,none,,False,0.54,passed,False,none
LA00181,none,,True,0.57,passed,False,none
LA00182,none,,False,0.52,passed,False,irrigation source
LA00183,none,,False,0.74,passed,False,none
LA00184,none,,False,0.53,passed,False,none
LA00185,procedural,landowning farmers;elected Panchayat members,False,0.47,passed,False,irrigation source
LA00186,fundamental,the local women's self-help group;agricultural labourers;landowning farmers,False,0.13,rejected,True,none
LA00187,fundamental,the local women's self-help group;agricultural labourers,False,0.89,deferred,True,none
LA00188,none,,False,0.47,passed,False,none
LA00189,procedural,elected Panchayat members;landowning farmers;representatives of the Scheduled Tribe community,False,0.26,deferred,False,none
LA00190,fundamental,elected Panchayat members;agricultural labourers;landowning farmers,False,0.38,passed,False,none
LA00191,none,,False,0.62,passed,False,none
LA00192,procedural,landowning farmers;elected Panchayat members,True,0.8,deferred,False,none
LA00193,fundamental,the local women's self-help group;representatives of the Scheduled Tribe community,False,0.36,passed,False,none
LA00194,procedural,landowning farmers,False,0.67,deferred,False,none
LA00195,fundamental,landowning farmers;elected Panchayat members;tenant cultivators,False,0.3,rejected,False,none
LA00196,procedural,tenant cultivators;the local women's self-help group;landowning farmers,False,0.53,deferred,False,community water tank
LA00197,none,,False,0.74,passed,False,none
LA00198,fundamental,agricultural labourers,False,0.73,rejected,False,none
LA00199,procedural,tenant cultivators,False,0.5,rejected,False,none
LA00200,procedural,tenant cultivators;landowning farmers,True,0.61,passed,False,none
LA00201,none,,False,0.71,passed,False,community water tank
LA00202,procedural,landowning farmers;tenant cultivators,False,0.5,passed,False,none
LA00203,none,,False,0.32,passed,True,none
LA00204,none,,True,0.44,passed,False,grazing commons
LA00205,none,,False,2.0,passed,False,none
LA00206,fundamental,the local women's self-help group;agricultural labourers,False,0.45,rejected,False,none
LA00207,procedural,agricultural labourers,True,0.88,passed,False,none
LA00208,none,,False,0.43,deferred,False,irrigation source
LA00209,none,,False,0.23,passed,False,community water tank
LA00210,procedural,elected Panchayat members,False,0.63,passed,False,none
LA00211,fundamental,elected Panchayat members;local shopkeepers and traders,False,0.47,deferred,True,community water tank
LA00212,procedural,tenant cultivators,False,0.89,deferred,False,sacred grove
LA00213,procedural,landowning farmers;representatives of the Scheduled Tribe community,False,0.8,passed,False,none
LA00214,none,,False,0.05,passed,True,community water tank
LA00215,fundamental,representatives of the Scheduled Tribe community,False,0.5,rejected,False,none
LA00216,none,,False,0.28,passed,False,irrigation source
LA00217,procedural,landowning farmers;tenant cultivators,False,0.05,deferred,False,none
LA00218,none,,False,0.88,deferred,False,none
LA00219,none,,True,0.4,passed,False,none
LA00220,none,,False,0.18,passed,False,none
LA00221,none,,False,0.54,deferred,False,none
LA00222,procedural,agricultural labourers;tenant cultivators;the local women's self-help group,False,0.64,passed,False,none
LA00223,none,,False,0.35,deferred,True,none
LA00224,fundamental,elected Panchayat members,False,1.0,passed,False,none
LA00225,procedural,tenant cultivators,True,0.84,rejected,False,none
LA00226,fundamental,landowning farmers,False,0.49,deferred,False,none
LA00227,fundamental,the local women's self-help group;representatives of the Scheduled Tribe community;landowning farmers,False,0.42,rejected,False,none
LA00228,none,,False,0.67,passed,False,none
LA00229,none,,False,0.35,passed,False,none
LA00230,procedural,tenant cultivators;elected Panchayat members;landowning farmers,False,0.57,passed,False,none
LA00231,none,,False,0.35,passed,False,none
LA00232,none,,False,0.95,passed,False,none
LA00233,procedural,landowning farmers;tenant cultivators,False,0.6,passed,False,none
LA00234,procedural,landowning farmers;the local women's self-help group,False,0.45,passed,False,irrigation source
LA00235,none,,False,0.51,passed,False,grazing commons
LA00236,procedural,agricultural labourers,False,0.77,passed,True,irrigation source
LA00237,none,,False,0.49,passed,False,burial ground
LA00238,procedural,elected Panchayat members,False,0.42,passed,False,none
LA00239,procedural,landowning farmers;tenant cultivators;representatives of the Scheduled Tribe community,False,0.48,passed,False,none
LA00240,none,,False,0.3,deferred,False,none
LA00241,procedural,landowning farmers,False,0.5,passed,False,none
LA00242,none,,True,0.6,deferred,False,none
LA00243,procedural,landowning farmers;the local women's self-help group;agricultural labourers,False,0.21,deferred,False,none
LA00244,procedural,local shopkeepers and traders;representatives of the Scheduled Tribe community;landowning farmers,False,0.36,rejected,False,none
LA00245,procedural,landowning farmers;representatives of the Scheduled Tribe community,False,0.75,passed,True,none
LA00246,fundamental,the local women's self-help group,False,0.42,deferred,True,irrigation source
LA00247,none,,False,0.43,passed,False,none
LA00248,none,,False,0.33,deferred,True,none
LA00249,none,,False,0.53,deferred,False,none
LA00250,none,,False,0.23,passed,False,none
LA00251,none,,True,0.35,deferred,True,none
LA00252,none,,False,8.0,passed,False,none
LA00253,none,,False,0.22,passed,False,none
LA00254,none,,False,2.67,rejected,False,none
LA00255,none,,False,0.26,passed,False,none
LA00256,none,,False,0.57,passed,False,community water tank
LA00257,none,,False,0.57,passed,False,none
LA00258,procedural,agricultural labourers;representatives of the Scheduled Tribe community,False,0.44,rejected,False,none
LA00259,none,,False,0.69,deferred,False,grazing commons
LA00260,none,,False,0.57,passed,False,irrigation source
LA00261,none,,False,0.4,deferred,False,none
LA00262,none,,True,0.53,deferred,False,none
LA00263,none,,False,0.68,passed,False,irrigation source
LA00264,fundamental,landowning farmers;tenant cultivators;the local women's self-help group,False,0.54,deferred,True,none
LA00265,procedural,agricultural labourers,True,0.33,rejected,True,irrigation source
LA00266,procedural,landowning farmers;agricultural labourers,False,0.35,rejected,False,none
LA00267,fundamental,tenant cultivators,False,0.67,deferred,False,sacred grove
LA00268,fundamental,representatives of the Scheduled Tribe community,True,0.25,rejected,True,none
LA00269,none,,False,1.0,passed,False,none
LA00270,fundamental,agricultural labourers;elected Panchayat members,False,0.67,rejected,False,irrigation source
LA00271,procedural,agricultural labourers,False,0.62,passed,False,none
LA00272,fundamental,tenant cultivators,False,1.14,deferred,False,none
LA00273,procedural,tenant cultivators,False,0.74,passed,False,none
LA00274,procedural,the local women's self-help group,False,0.69,passed,True,none
LA00275,none,,False,1.14,rejected,True,none
LA00276,none,,False,0.52,passed,False,sacred grove
LA00277,none,,False,0.6,passed,False,irrigation source
LA00278,none,,False,0.62,deferred,False,grazing commons
LA00279,fundamental,landowning farmers;elected Panchayat members;agricultural labourers,False,0.42,deferred,False,none
LA00280,procedural,the local women's self-help group;landowning farmers;local shopkeepers and traders,False,0.44,deferred,False,none
LA00281,procedural,local shopkeepers and traders,False,0.23,passed,False,none
LA00282,procedural,tenant cultivators;elected Panchayat members;representatives of the Scheduled Tribe community,False,0.89,passed,False,none
LA00283,procedural,representatives of the Scheduled Tribe community,False,0.05,passed,False,none
LA00284,none,,False,1.0,passed,False,none
LA00285,fundamental,representatives of the Scheduled Tribe community;local shopkeepers and traders,True,0.62,rejected,True,none
LA00286,fundamental,landowning farmers,False,0.6,deferred,False,none
LA00287,none,,False,0.52,passed,False,none
LA00288,procedural,agricultural labourers,True,0.73,deferred,False,none
LA00289,procedural,representatives of the Scheduled Tribe community;landowning farmers,False,1.0,passed,False,none
LA00290,fundamental,elected Panchayat members,False,0.56,deferred,False,none
LA00291,procedural,agricultural labourers;landowning farmers;the local women's self-help group,False,0.52,passed,False,none
LA00292,none,,True,0.33,passed,False,none
LA00293,procedural,representatives of the Scheduled Tribe community;agricultural labourers,True,0.5,deferred,True,none
LA00294,fundamental,agricultural labourers,False,0.53,deferred,True,none
LA00295,none,,False,0.74,passed,False,none
LA00296,procedural,representatives of the Scheduled Tribe community,True,0.46,deferred,False,none
LA00297,none,,False,0.83,passed,False,none
LA00298,procedural,elected Panchayat members,False,0.73,passed,False,irrigation source
LA00299,none,,False,0.74,rejected,False,grazing commons
LA00300,none,,False,0.73,passed,False,none
LA00301,fundamental,representatives of the Scheduled Tribe community,True,0.53,passed,False,none
LA00302,none,,False,0.05,passed,False,irrigation source
LA00303,procedural,agricultural labourers;tenant cultivators,False,0.05,deferred,False,none
LA00304,procedural,representatives of the Scheduled Tribe community;elected Panchayat members,False,0.73,passed,False,none
LA00305,procedural,agricultural labourers,False,0.6,rejected,False,none
LA00306,procedural,landowning farmers;elected Panchayat members;representatives of the Scheduled Tribe community,False,0.62,rejected,False,community water tank
LA00307,none,,False,0.69,passed,True,none
LA00308,procedural,representatives of the Scheduled Tribe community;landowning farmers;local shopkeepers and traders,False,0.83,passed,False,none
LA00309,procedural,the local women's self-help group,False,0.14,passed,False,grazing commons
LA00310,procedural,agricultural labourers,False,1.6,passed,True,none
LA00311,none,,False,0.5,passed,False,none
LA00312,none,,False,0.21,passed,False,irrigation source
LA00313,none,,False,0.32,passed,False,community water tank
LA00314,procedural,representatives of the Scheduled Tribe community;agricultural labourers;landowning farmers,False,1.14,rejected,True,none
LA00315,none,,True,0.46,passed,False,grazing commons
LA00316,none,,False,0.62,passed,False,none
LA00317,procedural,landowning farmers;local shopkeepers and traders,False,0.48,rejected,False,none
LA00318,none,,False,0.7,passed,False,none
LA00319,none,,False,0.47,passed,False,none
LA00320,none,,False,0.05,deferred,False,none
LA00321,none,,False,1.33,deferred,False,none
LA00322,procedural,representatives of the Scheduled Tribe community;landowning farmers;tenant cultivators,False,0.89,deferred,False,burial ground
LA00323,fundamental,tenant cultivators,False,0.18,deferred,True,none
LA00324,none,,False,0.4,passed,False,community water tank
LA00325,procedural,the local women's self-help group;landowning farmers;agricultural labourers,False,1.0,passed,False,none
LA00326,fundamental,representatives of the Scheduled Tribe community,False,0.89,passed,False,burial ground
LA00327,procedural,landowning farmers;representatives of the Scheduled Tribe community,False,0.66,deferred,False,none
LA00328,fundamental,landowning farmers;elected Panchayat members,False,0.05,deferred,False,irrigation source
LA00329,none,,False,0.54,deferred,False,none
LA00330,none,,True,0.4,passed,False,grazing commons
LA00331,none,,False,0.19,passed,False,none
LA00332,none,,False,0.44,deferred,False,none
LA00333,none,,False,0.36,passed,False,grazing commons
LA00334,fundamental,tenant cultivators,True,0.23,deferred,True,none
LA00335,none,,False,0.38,passed,False,none
LA00336,procedural,representatives of the Scheduled Tribe community;agricultural labourers;local shopkeepers and traders,True,0.59,passed,False,irrigation source
LA00337,procedural,agricultural labourers;representatives of the Scheduled Tribe community,False,0.82,passed,False,none
LA00338,none,,False,0.12,passed,False,community water tank
LA00339,fundamental,landowning farmers;tenant cultivators;the local women's self-help group,False,0.22,deferred,True,none
LA00340,none,,True,0.64,passed,True,none
LA00341,none,,False,0.62,passed,False,irrigation source
LA00342,fundamental,elected Panchayat members;landowning farmers;agricultural labourers,False,0.67,passed,False,irrigation source
LA00343,none,,False,0.13,passed,False,irrigation source
LA00344,fundamental,representatives of the Scheduled Tribe community;landowning farmers,False,0.77,passed,True,community water tank
LA00345,none,,False,0.19,passed,True,none
LA00346,none,,False,0.47,passed,False,irrigation source
LA00347,none,,False,0.29,passed,True,none
LA00348,fundamental,representatives of the Scheduled Tribe community;tenant cultivators;elected Panchayat members,False,0.61,rejected,False,irrigation source
LA00349,none,,True,0.87,passed,False,none
LA00350,fundamental,tenant cultivators,False,0.28,rejected,False,irrigation source
LA00351,none,,False,0.76,passed,False,none
LA00352,fundamental,tenant cultivators,False,0.84,deferred,False,none
LA00353,procedural,representatives of the Scheduled Tribe community,False,0.5,deferred,False,none
LA00354,none,,False,0.43,passed,False,none
LA00355,none,,False,0.41,deferred,False,none
LA00356,procedural,local shopkeepers and traders;the local women's self-help group,False,1.0,deferred,False,none
LA00357,none,,False,0.19,passed,False,none
LA00358,fundamental,representatives of the Scheduled Tribe community,False,0.72,passed,True,none
LA00359,fundamental,representatives of the Scheduled Tribe community;local shopkeepers and traders,False,0.39,rejected,True,none
LA00360,procedural,representatives of the Scheduled Tribe community;the local women's self-help group;local shopkeepers and traders,False,1.6,deferred,True,none
LA00361,procedural,landowning farmers;tenant cultivators,False,1.05,deferred,False,community water tank
LA00362,none,,True,0.76,passed,True,none
LA00363,procedural,landowning farmers;local shopkeepers and traders;tenant cultivators,False,0.72,deferred,False,grazing commons
LA00364,none,,False,1.6,deferred,False,none
LA00365,none,,False,0.89,passed,False,none
LA00366,procedural,agricultural labourers;landowning farmers,True,0.31,deferred,False,none
LA00367,procedural,tenant cultivators;the local women's self-help group,True,0.53,deferred,False,none
LA00368,none,,False,0.15,passed,False,grazing commons
LA00369,none,,False,0.6,passed,True,none
LA00370,fundamental,agricultural labourers;landowning farmers,False,0.28,deferred,False,none
LA00371,none,,False,0.67,passed,False,none
LA00372,none,,False,0.73,passed,False,none
LA00373,procedural,representatives of the Scheduled Tribe community;landowning farmers;the local women's self-help group,False,0.48,passed,False,community water tank
LA00374,none,,False,0.7,passed,False,irrigation source
LA00375,fundamental,representatives of the Scheduled Tribe community;the local women's self-help group;landowning farmers,False,0.88,rejected,True,grazing commons
LA00376,procedural,elected Panchayat members;agricultural labourers;tenant cultivators,False,0.49,rejected,False,none
LA00377,none,,False,2.67,passed,False,none
LA00378,none,,False,1.28,passed,False,none
LA00379,none,,False,0.41,passed,True,none
LA00380,none,,True,0.23,passed,False,community water tank
LA00381,fundamental,tenant cultivators;the local women's self-help group,True,0.65,rejected,False,none
LA00382,procedural,landowning farmers;elected Panchayat members;representatives of the Scheduled Tribe community,False,0.23,passed,False,none
LA00383,fundamental,agricultural labourers;local shopkeepers and traders;tenant cultivators,False,0.82,deferred,True,none
LA00384,none,,False,0.18,passed,False,none
LA00385,fundamental,landowning farmers,False,0.54,rejected,False,community water tank
LA00386,procedural,elected Panchayat members;representatives of the Scheduled Tribe community;tenant cultivators,False,0.62,deferred,False,none
LA00387,none,,False,0.75,passed,False,none
LA00388,none,,False,0.34,passed,False,none
LA00389,none,,False,0.56,passed,False,none
LA00390,none,,False,0.9,passed,False,grazing commons
LA00391,none,,False,0.45,passed,False,community water tank
LA00392,none,,False,0.69,passed,False,grazing commons
LA00393,none,,False,0.63,deferred,False,sacred grove
LA00394,fundamental,the local women's self-help group,False,0.68,deferred,False,none
LA00395,fundamental,local shopkeepers and traders;agricultural labourers;tenant cultivators,False,0.6,rejected,True,none
LA00396,none,,False,1.06,passed,False,none
LA00397,none,,False,0.46,passed,False,none
LA00398,none,,False,0.3,passed,False,none
LA00399,fundamental,landowning farmers;tenant cultivators;agricultural labourers,False,1.6,rejected,False,none
LA00400,none,,False,0.35,passed,False,none
LA00401,none,,True,0.76,passed,False,none
LA00402,none,,False,1.03,passed,False,irrigation source
LA00403,procedural,local shopkeepers and traders;elected Panchayat members,False,2.0,deferred,False,none
LA00404,none,,False,0.8,deferred,False,none
LA00405,none,,False,0.94,passed,False,none
LA00406,procedural,agricultural labourers;landowning farmers;representatives of the Scheduled Tribe community,True,0.11,passed,False,none
LA00407,none,,True,0.2,passed,False,none
LA00408,fundamental,landowning farmers;agricultural labourers;representatives of the Scheduled Tribe community,False,0.44,deferred,False,none
LA00409,procedural,landowning farmers,False,0.45,rejected,False,none
LA00410,none,,False,0.49,passed,False,none
LA00411,none,,True,0.37,passed,False,none
LA00412,procedural,landowning farmers,False,0.7,passed,False,none
LA00413,none,,False,0.44,passed,False,none
LA00414,none,,False,0.62,passed,False,none
LA00415,none,,True,0.72,passed,False,none
LA00416,none,,False,0.76,deferred,False,none
LA00417,none,,True,0.77,deferred,False,none
LA00418,none,,False,0.76,passed,False,none
LA00419,procedural,agricultural labourers;tenant cultivators;landowning farmers,False,0.35,passed,False,irrigation source
LA00420,none,,False,0.49,passed,False,none
LA00421,fundamental,elected Panchayat members,False,0.2,rejected,False,none
LA00422,fundamental,representatives of the Scheduled Tribe community;landowning farmers;agricultural labourers,False,0.62,deferred,False,none
LA00423,none,,False,0.46,deferred,True,none
LA00424,none,,False,0.38,passed,False,none
LA00425,procedural,landowning farmers;the local women's self-help group;tenant cultivators,False,0.66,passed,False,irrigation source
LA00426,none,,False,0.71,passed,False,none
LA00427,none,,False,0.64,deferred,False,none
LA00428,fundamental,tenant cultivators,False,0.69,deferred,True,none
LA00429,none,,False,0.48,passed,False,none
LA00430,procedural,agricultural labourers;landowning farmers,True,0.41,passed,False,none
LA00431,procedural,local shopkeepers and traders;agricultural labourers,True,0.5,deferred,False,none
LA00432,none,,False,0.32,passed,False,community water tank
LA00433,none,,False,0.49,passed,False,none
LA00434,none,,False,0.62,passed,False,none
LA00435,procedural,the local women's self-help group,False,0.17,passed,False,none
LA00436,procedural,the local women's self-help group,False,1.33,passed,False,none
LA00437,none,,False,0.86,passed,True,none
LA00438,fundamental,local shopkeepers and traders;tenant cultivators;landowning farmers,False,0.63,rejected,False,irrigation source
LA00439,fundamental,the local women's self-help group,False,0.47,deferred,True,irrigation source
LA00440,fundamental,agricultural labourers;local shopkeepers and traders,False,0.92,rejected,False,none
LA00441,none,,False,0.5,passed,False,none
LA00442,fundamental,local shopkeepers and traders;landowning farmers;agricultural labourers,False,0.57,rejected,False,none
LA00443,procedural,landowning farmers;tenant cultivators;representatives of the Scheduled Tribe community,True,0.66,passed,True,irrigation source
LA00444,procedural,landowning farmers,False,0.83,passed,False,sacred grove
LA00445,none,,False,0.83,deferred,False,none
LA00446,none,,False,0.57,deferred,False,none
LA00447,procedural,tenant cultivators;agricultural labourers;elected Panchayat members,True,1.33,passed,False,irrigation source
LA00448,procedural,agricultural labourers,False,0.69,deferred,False,none
LA00449,procedural,local shopkeepers and traders,False,1.33,passed,True,none
LA00450,none,,False,0.43,passed,False,irrigation source
LA00451,procedural,agricultural labourers,False,0.35,passed,False,none
LA00452,none,,False,0.64,deferred,False,irrigation source
LA00453,procedural,landowning farmers;local shopkeepers and traders,False,0.36,passed,True,none
LA00454,fundamental,agricultural labourers;elected Panchayat members,False,1.6,rejected,True,irrigation source
LA00455,procedural,elected Panchayat members,False,1.0,passed,False,community water tank
LA00456,none,,False,0.34,passed,False,sacred grove
LA00457,none,,True,1.6,passed,True,none
LA00458,none,,False,0.05,passed,False,none
LA00459,none,,False,0.76,passed,False,none
LA00460,none,,False,0.43,passed,False,none
LA00461,none,,True,0.33,passed,True,none
LA00462,none,,True,0.67,passed,True,none
LA00463,none,,False,1.23,deferred,False,none
LA00464,none,,True,0.56,passed,False,none
LA00465,none,,False,0.67,passed,False,none
LA00466,procedural,agricultural labourers;landowning farmers;local shopkeepers and traders,False,0.41,deferred,False,none
LA00467,none,,True,0.28,passed,False,none
LA00468,fundamental,landowning farmers,False,0.82,deferred,True,none
LA00469,fundamental,local shopkeepers and traders;the local women's self-help group;elected Panchayat members,False,0.31,deferred,False,none
LA00470,none,,False,2.67,passed,False,none
LA00471,procedural,tenant cultivators;the local women's self-help group,False,0.53,passed,False,none
LA00472,fundamental,elected Panchayat members,True,0.68,rejected,True,irrigation source
LA00473,procedural,representatives of the Scheduled Tribe community;agricultural labourers,False,0.81,rejected,False,none
LA00474,none,,False,0.19,passed,False,none
LA00475,none,,False,0.46,passed,False,grazing commons
LA00476,procedural,agricultural labourers;representatives of the Scheduled Tribe community;landowning farmers,False,0.83,passed,True,none
LA00477,none,,False,0.15,passed,False,none
LA00478,none,,True,0.75,passed,False,none
LA00479,procedural,representatives of the Scheduled Tribe community;landowning farmers,False,2.67,rejected,True,community water tank
LA00480,fundamental,elected Panchayat members;tenant cultivators;local shopkeepers and traders,False,0.73,deferred,False,none
LA00481,fundamental,the local women's self-help group,False,1.0,passed,True,none
LA00482,fundamental,local shopkeepers and traders;agricultural labourers,False,0.51,passed,True,none
LA00483,procedural,local shopkeepers and traders;the local women's self-help group,False,0.75,deferred,False,none
LA00484,none,,False,2.67,passed,True,community water tank
LA00485,none,,False,4.0,passed,True,none
LA00486,procedural,local shopkeepers and traders;tenant cultivators,False,0.17,passed,False,irrigation source
LA00487,none,,True,0.78,passed,False,none
LA00488,procedural,tenant cultivators;landowning farmers;agricultural labourers,False,0.67,deferred,False,none
LA00489,procedural,elected Panchayat members;local shopkeepers and traders;tenant cultivators,True,0.92,deferred,False,none
LA00490,fundamental,landowning farmers;agricultural labourers,False,0.89,deferred,False,none
LA00491,fundamental,tenant cultivators,False,1.6,rejected,False,none
LA00492,procedural,local shopkeepers and traders;agricultural labourers,True,0.82,deferred,False,none
LA00493,none,,False,0.71,deferred,False,none
LA00494,procedural,local shopkeepers and traders,False,0.73,deferred,False,none
LA00495,none,,False,0.65,passed,False,none
LA00496,procedural,tenant cultivators;representatives of the Scheduled Tribe community;the local women's self-help group,True,0.24,passed,False,none
LA00497,procedural,tenant cultivators;the local women's self-help group,False,0.35,passed,False,none
LA00498,procedural,agricultural labourers;local shopkeepers and traders;elected Panchayat members,True,1.03,deferred,False,none
LA00499,none,,False,0.42,passed,False,none
LA00500,procedural,representatives of the Scheduled Tribe community;agricultural labourers;tenant cultivators,False,0.26,deferred,False,none
LA00501,none,,False,0.79,passed,False,none
LA00502,fundamental,landowning farmers,False,0.52,deferred,True,irrigation source
LA00503,fundamental,elected Panchayat members;agricultural labourers;the local women's self-help group,False,0.64,passed,False,none
LA00504,none,,False,0.61,passed,True,none
LA00505,fundamental,the local women's self-help group;tenant cultivators;agricultural labourers,False,0.62,rejected,False,community water tank
LA00506,fundamental,representatives of the Scheduled Tribe community;landowning farmers,False,0.52,passed,False,none
LA00507,procedural,agricultural labourers;elected Panchayat members,False,0.79,passed,False,grazing commons
LA00508,none,,False,0.76,passed,False,none
LA00509,none,,False,0.55,passed,False,none
LA00510,procedural,representatives of the Scheduled Tribe community;agricultural labourers;tenant cultivators,False,0.89,rejected,False,none
LA00511,none,,False,0.65,deferred,False,sacred grove
LA00512,none,,False,0.57,deferred,False,none
LA00513,none,,False,1.33,passed,False,none
LA00514,none,,False,0.62,deferred,False,none
LA00515,fundamental,tenant cultivators;representatives of the Scheduled Tribe community,False,0.36,rejected,False,none
LA00516,fundamental,agricultural labourers;representatives of the Scheduled Tribe community,False,0.81,rejected,True,none
LA00517,fundamental,tenant cultivators;elected Panchayat members,False,0.16,rejected,False,none
LA00518,none,,False,0.51,passed,False,none
LA00519,none,,False,1.22,passed,False,sacred grove
LA00520,fundamental,representatives of the Scheduled Tribe community;the local women's self-help group;landowning farmers,False,0.33,deferred,False,grazing commons
LA00521,procedural,landowning farmers,True,0.19,passed,False,none
LA00522,none,,True,1.03,passed,False,sacred grove
LA00523,fundamental,the local women's self-help group;elected Panchayat members;tenant cultivators,False,0.56,deferred,True,none
LA00524,procedural,the local women's self-help group;tenant cultivators;agricultural labourers,True,0.71,rejected,False,none
LA00525,fundamental,the local women's self-help group;landowning farmers;elected Panchayat members,False,0.81,passed,True,none
LA00526,none,,False,0.73,passed,False,community water tank
LA00527,none,,False,0.69,passed,False,none
LA00528,none,,True,1.6,passed,False,none
LA00529,procedural,elected Panchayat members;representatives of the Scheduled Tribe community,False,0.33,deferred,False,none
LA00530,none,,True,0.96,deferred,False,none
LA00531,none,,False,0.86,passed,False,community water tank
LA00532,none,,False,0.21,passed,False,none
LA00533,procedural,representatives of the Scheduled Tribe community;landowning farmers;the local women's self-help group,True,0.37,deferred,False,none
LA00534,none,,False,0.92,passed,False,none
LA00535,none,,False,0.57,passed,False,none
LA00536,fundamental,tenant cultivators,False,0.54,passed,True,sacred grove
LA00537,none,,False,0.56,passed,False,none
LA00538,fundamental,agricultural labourers;landowning farmers,False,1.0,rejected,True,none
LA00539,none,,True,0.84,passed,False,irrigation source
LA00540,procedural,representatives of the Scheduled Tribe community,False,0.47,passed,False,grazing commons
LA00541,none,,False,0.66,passed,False,none
LA00542,procedural,agricultural labourers,False,0.06,deferred,True,none
LA00543,procedural,local shopkeepers and traders;elected Panchayat members;landowning farmers,False,0.52,deferred,False,none
LA00544,none,,True,0.28,passed,False,none
LA00545,procedural,local shopkeepers and traders;landowning farmers,False,0.28,passed,False,none
LA00546,none,,False,0.68,passed,False,none
LA00547,fundamental,the local women's self-help group;landowning farmers;agricultural labourers,False,1.14,rejected,True,none
LA00548,procedural,agricultural labourers;tenant cultivators,False,0.53,deferred,False,none
LA00549,fundamental,landowning farmers;tenant cultivators;representatives of the Scheduled Tribe community,False,0.6,deferred,False,none
LA00550,none,,False,0.8,deferred,False,none
LA00551,none,,False,0.44,deferred,False,grazing commons
LA00552,procedural,elected Panchayat members,True,0.72,deferred,False,burial ground
LA00553,none,,True,0.34,passed,True,none
LA00554,none,,False,0.72,passed,False,none
LA00555,fundamental,landowning farmers,False,0.91,passed,False,burial ground
LA00556,fundamental,landowning farmers,False,0.1,rejected,True,none
LA00557,procedural,landowning farmers;representatives of the Scheduled Tribe community,False,0.43,passed,False,none
LA00558,none,,False,0.89,passed,False,irrigation source
LA00559,none,,True,0.5,passed,False,none
LA00560,none,,False,0.29,passed,False,none
LA00561,none,,False,0.8,passed,False,none
LA00562,none,,False,0.2,passed,False,irrigation source
LA00563,fundamental,landowning farmers,False,0.59,deferred,False,grazing commons
LA00564,procedural,the local women's self-help group;landowning farmers;representatives of the Scheduled Tribe community,True,0.68,rejected,False,community water tank
LA00565,procedural,elected Panchayat members,False,0.57,deferred,False,none
LA00566,none,,False,0.94,passed,False,community water tank
LA00567,fundamental,local shopkeepers and traders;the local women's self-help group;representatives of the Scheduled Tribe community,False,0.46,rejected,True,grazing commons
LA00568,procedural,representatives of the Scheduled Tribe community;elected Panchayat members;tenant cultivators,False,0.39,passed,False,none
LA00569,procedural,landowning farmers;elected Panchayat members,False,0.49,passed,True,none
LA00570,procedural,local shopkeepers and traders;agricultural labourers;tenant cultivators,True,0.22,passed,False,none
LA00571,fundamental,the local women's self-help group;representatives of the Scheduled Tribe community;agricultural labourers,False,0.89,deferred,False,none
LA00572,procedural,tenant cultivators;landowning farmers,True,0.59,passed,False,irrigation source
LA00573,none,,False,0.05,passed,False,none
LA00574,fundamental,the local women's self-help group;local shopkeepers and traders;landowning farmers,False,0.61,rejected,True,none
LA00575,procedural,representatives of the Scheduled Tribe community;local shopkeepers and traders;tenant cultivators,False,4.0,deferred,False,community water tank
LA00576,none,,False,0.42,passed,False,burial ground
LA00577,procedural,the local women's self-help group;agricultural labourers;tenant cultivators,True,0.44,deferred,True,grazing commons
LA00578,procedural,landowning farmers,False,1.14,deferred,False,grazing commons
LA00579,procedural,agricultural labourers;elected Panchayat members,False,0.29,deferred,False,grazing commons
LA00580,none,,False,0.71,passed,False,irrigation source
LA00581,procedural,landowning farmers;tenant cultivators;agricultural labourers,False,0.75,passed,False,none
LA00582,procedural,elected Panchayat members,False,0.93,deferred,False,none
LA00583,none,,False,0.76,passed,False,sacred grove
LA00584,fundamental,the local women's self-help group;tenant cultivators;agricultural labourers,True,0.77,deferred,True,grazing commons
LA00585,procedural,the local women's self-help group;tenant cultivators;landowning farmers,False,0.51,passed,False,none
LA00586,none,,True,1.5,rejected,False,none
LA00587,fundamental,the local women's self-help group;tenant cultivators;landowning farmers,False,0.68,passed,True,grazing commons
LA00588,none,,False,0.57,passed,False,none
LA00589,none,,False,0.88,rejected,False,none
LA00590,none,,False,0.8,passed,False,none
LA00591,fundamental,representatives of the Scheduled Tribe community,False,1.14,deferred,True,sacred grove
LA00592,fundamental,landowning farmers;the local women's self-help group;agricultural labourers,True,0.79,passed,True,grazing commons
LA00593,procedural,agricultural labourers;the local women's self-help group,True,0.6,passed,True,irrigation source
LA00594,fundamental,agricultural labourers,False,0.58,rejected,True,none
LA00595,none,,True,0.88,deferred,False,none
LA00596,procedural,tenant cultivators,False,1.33,deferred,False,none
LA00597,none,,True,0.57,passed,False,none
LA00598,none,,True,0.91,deferred,False,none
LA00599,none,,False,0.58,passed,True,none
LA00600,none,,False,0.41,passed,True,community water tank
LA00601,none,,False,0.46,passed,False,none
LA00602,none,,False,0.67,passed,False,irrigation source
LA00603,none,,False,0.48,passed,False,none
LA00604,procedural,landowning farmers;agricultural labourers;representatives of the Scheduled Tribe community,False,0.36,passed,False,none
LA00605,none,,False,0.9,passed,False,none
LA00606,procedural,representatives of the Scheduled Tribe community,True,0.44,rejected,False,irrigation source
LA00607,procedural,landowning farmers;tenant cultivators,False,1.0,passed,False,none
LA00608,fundamental,landowning farmers;elected Panchayat members;agricultural labourers,True,0.73,rejected,True,none
LA00609,none,,True,0.67,rejected,False,sacred grove
LA00610,procedural,local shopkeepers and traders,True,0.5,passed,False,none
LA00611,none,,False,0.85,passed,False,grazing commons
LA00612,none,,False,0.12,deferred,False,none
LA00613,none,,True,0.69,passed,False,none
LA00614,fundamental,elected Panchayat members,False,0.3,passed,True,none
LA00615,fundamental,tenant cultivators;landowning farmers,False,0.34,deferred,False,none
LA00616,procedural,tenant cultivators,True,0.43,deferred,True,none
LA00617,none,,False,0.05,deferred,False,none
LA00618,procedural,landowning farmers;agricultural labourers;representatives of the Scheduled Tribe community,False,0.82,passed,False,none
LA00619,none,,False,0.72,passed,False,none
LA00620,fundamental,agricultural labourers;the local women's self-help group,False,0.05,rejected,False,none
LA00621,fundamental,elected Panchayat members;tenant cultivators;landowning farmers,False,0.36,rejected,True,none
LA00622,none,,False,0.38,deferred,False,none
LA00623,fundamental,the local women's self-help group,False,0.91,deferred,True,grazing commons
LA00624,none,,True,0.26,passed,False,none
LA00625,none,,False,0.27,passed,False,community water tank
LA00626,none,,False,0.67,deferred,False,none
LA00627,procedural,landowning farmers;agricultural labourers,True,0.28,deferred,False,burial ground
LA00628,none,,False,0.61,passed,False,grazing commons
LA00629,none,,False,0.34,passed,False,none
LA00630,fundamental,landowning farmers,False,0.71,rejected,True,none
LA00631,none,,True,0.89,passed,False,none
LA00632,fundamental,elected Panchayat members;agricultural labourers;tenant cultivators,False,0.86,passed,True,none
LA00633,fundamental,tenant cultivators;agricultural labourers,False,0.59,rejected,False,none
LA00634,none,,False,0.53,passed,False,none
LA00635,fundamental,the local women's self-help group;elected Panchayat members;landowning farmers,True,0.25,deferred,False,sacred grove
LA00636,none,,False,0.42,passed,False,none
LA00637,fundamental,landowning farmers,True,0.37,deferred,True,none
LA00638,none,,False,0.44,passed,False,none
LA00639,procedural,tenant cultivators;representatives of the Scheduled Tribe community,False,0.74,deferred,False,none
LA00640,none,,False,0.62,passed,False,community water tank
LA00641,procedural,landowning farmers;representatives of the Scheduled Tribe community,False,0.49,passed,False,burial ground
LA00642,none,,False,0.21,passed,False,irrigation source
LA00643,procedural,tenant cultivators,False,0.07,passed,False,none
LA00644,procedural,landowning farmers;agricultural labourers;tenant cultivators,False,0.5,deferred,False,none
LA00645,fundamental,tenant cultivators;the local women's self-help group,False,0.83,rejected,True,none
LA00646,procedural,tenant cultivators;landowning farmers,False,1.17,deferred,False,none
LA00647,procedural,agricultural labourers;landowning farmers,False,0.35,deferred,False,none
LA00648,procedural,local shopkeepers and traders,False,0.61,passed,False,none
LA00649,none,,True,0.62,deferred,False,none
LA00650,fundamental,tenant cultivators;representatives of the Scheduled Tribe community,True,0.67,passed,False,none
LA00651,fundamental,tenant cultivators;representatives of the Scheduled Tribe community;local shopkeepers and traders,False,1.01,passed,True,none
LA00652,fundamental,agricultural labourers,False,0.52,deferred,False,none
LA00653,procedural,elected Panchayat members;representatives of the Scheduled Tribe community,False,0.5,deferred,False,none
LA00654,procedural,agricultural labourers,False,0.91,deferred,False,none
LA00655,procedural,landowning farmers;tenant cultivators;elected Panchayat members,False,0.72,passed,False,irrigation source
LA00656,none,,True,0.75,passed,False,grazing commons
LA00657,procedural,representatives of the Scheduled Tribe community;landowning farmers;agricultural labourers,False,0.6,rejected,False,burial ground
LA00658,none,,False,0.29,passed,False,none
LA00659,procedural,landowning farmers,False,0.42,deferred,True,none
LA00660,none,,False,0.64,passed,False,none
LA00661,none,,False,1.01,passed,False,grazing commons
LA00662,procedural,elected Panchayat members,True,0.67,deferred,False,none
LA00663,fundamental,tenant cultivators,False,0.36,deferred,False,none
LA00664,fundamental,landowning farmers;representatives of the Scheduled Tribe community;agricultural labourers,True,0.05,passed,False,none
LA00665,procedural,representatives of the Scheduled Tribe community,False,0.51,deferred,False,none
LA00666,none,,True,0.4,deferred,True,none
LA00667,none,,False,0.6,deferred,True,none
LA00668,procedural,agricultural labourers,False,0.05,deferred,False,grazing commons
LA00669,procedural,landowning farmers,False,0.56,passed,False,irrigation source
LA00670,none,,False,0.62,deferred,False,irrigation source
LA00671,none,,True,0.2,passed,True,none
LA00672,procedural,landowning farmers,False,0.35,deferred,True,none
LA00673,procedural,representatives of the Scheduled Tribe community,False,0.65,passed,True,none
LA00674,none,,False,0.8,deferred,True,community water tank
LA00675,procedural,representatives of the Scheduled Tribe community;agricultural labourers,False,0.68,passed,False,none
LA00676,none,,False,0.88,passed,True,community water tank
LA00677,fundamental,elected Panchayat members;representatives of the Scheduled Tribe community,False,0.79,passed,True,none
LA00678,procedural,landowning farmers;local shopkeepers and traders;elected Panchayat members,True,0.35,deferred,True,none
LA00679,procedural,tenant cultivators;representatives of the Scheduled Tribe community;agricultural labourers,False,0.7,passed,True,none
LA00680,none,,True,0.73,passed,False,none
LA00681,procedural,the local women's self-help group,False,1.0,passed,False,irrigation source
LA00682,none,,False,0.62,passed,False,community water tank
LA00683,none,,False,0.36,passed,False,community water tank
LA00684,none,,True,0.73,passed,True,none
LA00685,none,,False,1.14,passed,False,none
LA00686,none,,False,0.6,passed,False,none
LA00687,procedural,agricultural labourers;tenant cultivators;local shopkeepers and traders,False,0.6,deferred,False,grazing commons
LA00688,none,,False,1.11,passed,False,none
LA00689,none,,False,0.52,passed,False,none
LA00690,none,,False,0.33,passed,False,community water tank
LA00691,none,,False,0.89,passed,False,none
LA00692,procedural,the local women's self-help group;representatives of the Scheduled Tribe community;elected Panchayat members,False,0.39,deferred,False,none
LA00693,none,,True,0.9,rejected,False,community water tank
LA00694,procedural,representatives of the Scheduled Tribe community;landowning farmers;agricultural labourers,False,0.05,deferred,False,none
LA00695,procedural,agricultural labourers;local shopkeepers and traders;the local women's self-help group,False,0.89,deferred,False,irrigation source
LA00696,procedural,landowning farmers,False,0.89,passed,False,community water tank
LA00697,none,,False,1.14,passed,False,community water tank
LA00698,none,,False,1.14,passed,False,none
LA00699,procedural,local shopkeepers and traders;tenant cultivators;landowning farmers,False,0.71,deferred,False,none
LA00700,fundamental,the local women's self-help group;elected Panchayat members,False,0.34,passed,False,none
LA00701,procedural,agricultural labourers,False,0.66,deferred,True,none
LA00702,procedural,landowning farmers;tenant cultivators,False,0.4,deferred,True,none
LA00703,procedural,tenant cultivators,False,0.89,passed,False,none
LA00704,none,,True,0.61,rejected,True,none
LA00705,fundamental,landowning farmers;tenant cultivators,True,0.44,rejected,False,sacred grove
LA00706,none,,False,0.52,deferred,False,none
LA00707,fundamental,tenant cultivators,False,0.71,passed,True,none
LA00708,fundamental,agricultural labourers,False,0.61,rejected,False,none
LA00709,none,,False,0.73,deferred,False,none
LA00710,procedural,tenant cultivators;the local women's self-help group,False,1.05,deferred,False,none
LA00711,none,,False,0.67,passed,True,none
LA00712,fundamental,landowning farmers,False,0.36,passed,False,none
LA00713,fundamental,landowning farmers,False,0.86,rejected,True,none
LA00714,none,,False,0.99,passed,False,none
LA00715,procedural,representatives of the Scheduled Tribe community,True,0.78,rejected,True,none
LA00716,none,,False,0.59,passed,False,irrigation source
LA00717,none,,False,0.75,passed,False,none
LA00718,procedural,agricultural labourers;tenant cultivators,False,0.32,passed,False,none
LA00719,none,,False,0.19,deferred,True,none
LA00720,fundamental,tenant cultivators;landowning farmers;agricultural labourers,False,0.15,rejected,False,none
LA00721,none,,False,0.77,passed,False,none
LA00722,procedural,tenant cultivators;representatives of the Scheduled Tribe community;agricultural labourers,False,0.4,deferred,False,none
LA00723,fundamental,tenant cultivators,False,0.82,deferred,False,irrigation source
LA00724,none,,False,0.7,passed,True,none
LA00725,procedural,tenant cultivators;landowning farmers;the local women's self-help group,False,0.6,deferred,False,none
LA00726,none,,False,0.88,passed,False,none
LA00727,none,,False,0.28,passed,False,none
LA00728,none,,False,0.9,passed,True,irrigation source
LA00729,none,,False,0.51,passed,False,none
LA00730,procedural,landowning farmers,False,0.23,deferred,False,none
LA00731,procedural,landowning farmers;tenant cultivators,False,0.67,deferred,False,none
LA00732,fundamental,landowning farmers,False,1.08,rejected,True,none
LA00733,procedural,landowning farmers,False,0.17,passed,False,none
LA00734,procedural,tenant cultivators,False,0.25,passed,False,none
LA00735,procedural,representatives of the Scheduled Tribe community,True,0.55,passed,False,none
LA00736,procedural,agricultural labourers,False,0.72,passed,False,none
LA00737,fundamental,tenant cultivators,False,0.31,rejected,False,community water tank
LA00738,none,,False,1.01,deferred,False,irrigation source
LA00739,none,,False,0.59,passed,False,none
LA00740,procedural,local shopkeepers and traders,False,0.53,deferred,False,none
LA00741,fundamental,tenant cultivators,False,0.61,deferred,True,none
LA00742,none,,False,2.67,passed,False,none
LA00743,procedural,tenant cultivators,True,0.05,passed,False,none
LA00744,procedural,local shopkeepers and traders,False,0.4,passed,False,none
LA00745,procedural,landowning farmers;tenant cultivators;the local women's self-help group,False,0.72,rejected,False,sacred grove
LA00746,procedural,elected Panchayat members;the local women's self-help group;tenant cultivators,False,0.21,deferred,False,grazing commons
LA00747,procedural,agricultural labourers;tenant cultivators,False,0.79,rejected,False,none
LA00748,none,,False,0.83,passed,False,none
LA00749,procedural,the local women's self-help group,True,0.3,deferred,False,irrigation source
LA00750,fundamental,agricultural labourers,False,1.09,deferred,False,none
LA00751,none,,True,0.59,passed,False,irrigation source
LA00752,none,,False,0.76,deferred,False,none
LA00753,procedural,tenant cultivators;landowning farmers,True,0.15,deferred,False,none
LA00754,none,,False,0.66,passed,False,none
LA00755,none,,False,0.62,passed,False,none
LA00756,fundamental,the local women's self-help group,False,0.44,passed,True,irrigation source
LA00757,fundamental,landowning farmers;the local women's self-help group;elected Panchayat members,False,0.67,rejected,True,irrigation source
LA00758,fundamental,representatives of the Scheduled Tribe community;local shopkeepers and traders,True,0.65,passed,False,sacred grove
LA00759,procedural,elected Panchayat members;the local women's self-help group,False,0.65,deferred,False,none
LA00760,none,,False,0.72,passed,False,community water tank
LA00761,none,,True,0.48,passed,False,irrigation source
LA00762,none,,False,0.69,passed,False,irrigation source
LA00763,fundamental,agricultural labourers,False,0.11,deferred,True,none
LA00764,none,,False,0.53,passed,False,none
LA00765,procedural,the local women's self-help group;representatives of the Scheduled Tribe community,False,0.51,rejected,True,community water tank
LA00766,none,,False,0.66,passed,False,none
LA00767,procedural,representatives of the Scheduled Tribe community;the local women's self-help group,False,0.73,passed,False,none
LA00768,fundamental,elected Panchayat members;landowning farmers,False,0.39,deferred,False,none
LA00769,none,,False,0.14,passed,False,none
LA00770,procedural,landowning farmers,False,0.64,deferred,False,none
LA00771,procedural,tenant cultivators,False,0.98,deferred,False,community water tank
LA00772,fundamental,tenant cultivators;representatives of the Scheduled Tribe community;agricultural labourers,False,0.8,deferred,False,none
LA00773,none,,True,0.29,passed,False,none
LA00774,fundamental,tenant cultivators;elected Panchayat members,True,0.61,deferred,False,none
LA00775,procedural,landowning farmers;the local women's self-help group,True,0.72,passed,False,none
LA00776,none,,False,0.52,passed,False,sacred grove
LA00777,none,,False,0.94,passed,False,none
LA00778,none,,False,0.48,passed,False,none
LA00779,fundamental,local shopkeepers and traders,False,0.37,rejected,False,none
LA00780,fundamental,tenant cultivators;landowning farmers,False,0.87,passed,True,none
LA00781,fundamental,representatives of the Scheduled Tribe community;tenant cultivators;elected Panchayat members,False,0.2,rejected,False,none
LA00782,none,,False,0.25,passed,False,none
LA00783,fundamental,the local women's self-help group;tenant cultivators,False,0.55,deferred,False,none
LA00784,none,,True,0.69,passed,False,none
LA00785,fundamental,landowning farmers;representatives of the Scheduled Tribe community;tenant cultivators,False,0.41,deferred,True,community water tank
LA00786,none,,False,1.03,passed,False,none
LA00787,none,,False,0.73,deferred,False,none
LA00788,none,,False,1.6,passed,False,none
LA00789,procedural,agricultural labourers;landowning farmers;elected Panchayat members,False,0.81,passed,False,grazing commons
LA00790,fundamental,tenant cultivators;landowning farmers,False,0.46,deferred,False,grazing commons
LA00791,none,,False,0.14,passed,False,none
LA00792,none,,True,0.92,deferred,False,irrigation source
LA00793,none,,True,0.48,passed,False,none
LA00794,procedural,landowning farmers,False,0.8,deferred,False,burial ground
LA00795,none,,False,0.53,passed,False,none
LA00796,procedural,landowning farmers;elected Panchayat members;local shopkeepers and traders,False,0.8,passed,False,none
LA00797,none,,False,0.8,passed,False,community water tank
LA00798,none,,False,0.62,deferred,True,none
LA00799,none,,False,0.79,passed,False,community water tank
LA00800,none,,True,0.25,passed,False,none
LA00801,none,,False,0.18,passed,False,none
LA00802,none,,True,0.08,passed,False,irrigation source
LA00803,procedural,local shopkeepers and traders;representatives of the Scheduled Tribe community;landowning farmers,False,0.69,passed,False,burial ground
LA00804,none,,False,0.45,passed,False,none
LA00805,fundamental,representatives of the Scheduled Tribe community;elected Panchayat members;agricultural labourers,False,0.58,rejected,False,none
LA00806,none,,False,0.62,passed,False,irrigation source
LA00807,fundamental,tenant cultivators,True,0.66,rejected,True,none
LA00808,fundamental,the local women's self-help group;representatives of the Scheduled Tribe community;agricultural labourers,True,0.48,deferred,True,irrigation source
LA00809,none,,False,0.61,passed,False,sacred grove
LA00810,none,,False,0.64,passed,False,none
LA00811,none,,False,0.34,passed,False,none
LA00812,none,,False,0.85,passed,False,none
LA00813,none,,False,0.11,passed,False,none
LA00814,none,,True,0.42,passed,False,none
LA00815,procedural,local shopkeepers and traders;tenant cultivators,False,0.33,rejected,True,irrigation source
LA00816,none,,False,1.6,deferred,True,none
LA00817,fundamental,agricultural labourers,False,0.41,rejected,True,none
LA00818,none,,False,0.21,passed,False,none
LA00819,fundamental,agricultural labourers,False,0.8,deferred,True,none
LA00820,fundamental,the local women's self-help group,True,0.49,deferred,True,none
LA00821,fundamental,landowning farmers;representatives of the Scheduled Tribe community,False,2.0,rejected,False,none
LA00822,none,,False,0.4,passed,False,grazing commons
LA00823,fundamental,landowning farmers;tenant cultivators,False,0.45,rejected,False,none
LA00824,procedural,landowning farmers;tenant cultivators;local shopkeepers and traders,True,0.56,rejected,False,none
LA00825,none,,False,0.62,passed,False,none
LA00826,fundamental,landowning farmers;the local women's self-help group,False,0.77,passed,True,none
LA00827,procedural,landowning farmers;representatives of the Scheduled Tribe community,False,0.79,passed,False,none
LA00828,procedural,representatives of the Scheduled Tribe community;tenant cultivators;local shopkeepers and traders,False,1.14,passed,False,none
LA00829,fundamental,landowning farmers,True,0.73,rejected,True,community water tank
LA00830,none,,True,0.62,passed,True,irrigation source
LA00831,fundamental,elected Panchayat members,False,0.79,deferred,True,none
LA00832,procedural,elected Panchayat members,False,0.56,rejected,False,irrigation source
LA00833,fundamental,local shopkeepers and traders;tenant cultivators;agricultural labourers,False,1.0,rejected,True,none
LA00834,fundamental,landowning farmers;agricultural labourers,False,0.57,deferred,True,irrigation source
LA00835,fundamental,elected Panchayat members,False,0.75,rejected,True,none
LA00836,none,,False,0.59,deferred,False,none
LA00837,none,,False,0.19,passed,False,none
LA00838,none,,False,0.43,passed,False,none
LA00839,none,,False,0.32,passed,False,grazing commons
LA00840,fundamental,elected Panchayat members;landowning farmers,False,0.56,passed,False,none
LA00841,none,,False,0.53,passed,True,none
LA00842,procedural,elected Panchayat members,False,0.43,deferred,False,grazing commons
LA00843,fundamental,representatives of the Scheduled Tribe community,False,0.27,rejected,False,none
LA00844,procedural,tenant cultivators,False,0.24,passed,False,none
LA00845,fundamental,agricultural labourers,False,0.9,rejected,False,none
LA00846,none,,False,0.56,passed,False,burial ground
LA00847,procedural,local shopkeepers and traders;landowning farmers;representatives of the Scheduled Tribe community,False,0.71,passed,False,none
LA00848,none,,False,0.89,passed,False,irrigation source
LA00849,none,,False,0.57,passed,False,none
LA00850,none,,False,0.4,passed,False,none
LA00851,procedural,elected Panchayat members,False,1.0,deferred,False,none
LA00852,procedural,landowning farmers,False,0.44,passed,False,none
LA00853,procedural,landowning farmers,False,0.7,rejected,False,none
LA00854,fundamental,elected Panchayat members;tenant cultivators,False,0.22,rejected,False,none
LA00855,none,,False,0.6,passed,False,none
LA00856,none,,False,0.3,passed,False,none
LA00857,fundamental,the local women's self-help group;landowning farmers;tenant cultivators,False,0.42,rejected,True,none
LA00858,none,,False,0.8,passed,False,irrigation source
LA00859,fundamental,local shopkeepers and traders;the local women's self-help group,False,0.43,rejected,True,none
LA00860,procedural,local shopkeepers and traders;agricultural labourers;the local women's self-help group,False,0.8,deferred,True,none
LA00861,procedural,landowning farmers;elected Panchayat members;local shopkeepers and traders,False,0.15,passed,False,none
LA00862,fundamental,local shopkeepers and traders;the local women's self-help group;agricultural labourers,False,0.61,rejected,True,burial ground
LA00863,none,,False,0.6,deferred,False,none
LA00864,none,,False,0.22,passed,False,none
LA00865,fundamental,agricultural labourers;representatives of the Scheduled Tribe community,False,0.44,deferred,True,none
LA00866,procedural,agricultural labourers;the local women's self-help group,False,0.4,passed,False,none
LA00867,none,,False,0.8,passed,False,grazing commons
LA00868,none,,False,0.8,deferred,False,none
LA00869,none,,True,0.52,passed,False,none
LA00870,none,,False,0.71,deferred,False,none
LA00871,none,,False,0.48,passed,False,irrigation source
LA00872,none,,False,0.11,deferred,False,grazing commons
LA00873,none,,False,0.74,passed,False,none
LA00874,none,,False,0.46,passed,False,none
LA00875,procedural,tenant cultivators;agricultural labourers,False,0.73,passed,False,community water tank
LA00876,procedural,landowning farmers,True,0.73,passed,False,none
LA00877,procedural,representatives of the Scheduled Tribe community;agricultural labourers,False,0.92,passed,False,none
LA00878,none,,False,0.61,passed,False,irrigation source
LA00879,fundamental,elected Panchayat members;landowning farmers,False,0.89,deferred,False,grazing commons
LA00880,procedural,landowning farmers;tenant cultivators,False,0.87,passed,True,none
LA00881,fundamental,elected Panchayat members,True,0.73,deferred,False,none
LA00882,fundamental,elected Panchayat members;landowning farmers,False,0.56,rejected,False,none
LA00883,fundamental,landowning farmers;representatives of the Scheduled Tribe community;tenant cultivators,False,1.14,rejected,True,none
LA00884,procedural,tenant cultivators;agricultural labourers;representatives of the Scheduled Tribe community,True,0.65,deferred,False,none
LA00885,procedural,elected Panchayat members,False,0.45,passed,False,none
LA00886,none,,True,0.79,passed,True,none
LA00887,fundamental,elected Panchayat members;agricultural labourers,False,0.14,deferred,True,grazing commons
LA00888,none,,False,0.8,deferred,False,none
LA00889,none,,True,0.55,deferred,False,none
LA00890,none,,False,1.0,passed,False,none
LA00891,fundamental,agricultural labourers,True,0.44,rejected,False,none
LA00892,none,,False,1.5,passed,True,none
LA00893,fundamental,the local women's self-help group;representatives of the Scheduled Tribe community,False,0.67,rejected,False,sacred grove
LA00894,fundamental,representatives of the Scheduled Tribe community,False,1.6,deferred,True,none
LA00895,none,,False,0.42,passed,False,none
LA00896,fundamental,tenant cultivators;landowning farmers;the local women's self-help group,False,0.05,passed,False,none
LA00897,none,,False,1.14,passed,False,none
LA00898,fundamental,the local women's self-help group;representatives of the Scheduled Tribe community;tenant cultivators,True,0.84,deferred,True,none
LA00899,none,,False,0.52,deferred,False,none
LA00900,procedural,the local women's self-help group;tenant cultivators,False,0.66,deferred,False,none
LA00901,fundamental,agricultural labourers;the local women's self-help group;elected Panchayat members,False,0.53,rejected,False,none
LA00902,procedural,the local women's self-help group;representatives of the Scheduled Tribe community;elected Panchayat members,False,0.67,passed,False,none
LA00903,none,,False,0.52,deferred,False,grazing commons
LA00904,none,,False,0.35,passed,False,none
LA00905,fundamental,tenant cultivators;local shopkeepers and traders,False,0.68,rejected,True,community water tank
LA00906,none,,False,0.47,passed,False,none
LA00907,procedural,landowning farmers;representatives of the Scheduled Tribe community,False,0.54,passed,True,none
LA00908,procedural,representatives of the Scheduled Tribe community;landowning farmers;tenant cultivators,False,0.86,deferred,False,irrigation source
LA00909,fundamental,agricultural labourers,False,0.56,deferred,True,none
LA00910,none,,True,0.59,passed,True,none
LA00911,none,,False,0.64,passed,False,none
LA00912,procedural,representatives of the Scheduled Tribe community;landowning farmers,True,0.32,rejected,True,none
LA00913,none,,False,1.06,passed,False,none
LA00914,none,,False,1.0,passed,True,none
LA00915,none,,False,1.12,passed,False,none
LA00916,procedural,agricultural labourers;representatives of the Scheduled Tribe community,True,0.56,rejected,False,none
LA00917,fundamental,landowning farmers;tenant cultivators,False,0.78,rejected,True,none
LA00918,procedural,elected Panchayat members;agricultural labourers,False,0.45,deferred,False,none
LA00919,fundamental,agricultural labourers;tenant cultivators,False,0.37,rejected,False,none
LA00920,procedural,representatives of the Scheduled Tribe community,False,1.3,passed,False,none
LA00921,none,,False,0.45,deferred,False,none
LA00922,none,,False,0.89,deferred,False,none
LA00923,none,,False,0.37,deferred,False,none
LA00924,none,,False,0.89,passed,False,grazing commons
LA00925,procedural,agricultural labourers,True,0.81,rejected,False,irrigation source
LA00926,none,,False,0.36,passed,False,grazing commons
LA00927,none,,False,0.87,passed,False,none
LA00928,procedural,tenant cultivators;landowning farmers,False,0.62,deferred,False,irrigation source
LA00929,none,,True,0.48,passed,False,none
LA00930,procedural,elected Panchayat members;the local women's self-help group;agricultural labourers,True,8.0,deferred,False,irrigation source
LA00931,fundamental,local shopkeepers and traders;representatives of the Scheduled Tribe community,False,0.59,deferred,True,sacred grove
LA00932,none,,False,0.87,passed,False,none
LA00933,fundamental,local shopkeepers and traders;tenant cultivators;agricultural labourers,False,0.47,passed,False,none
LA00934,none,,False,0.85,passed,False,none
LA00935,procedural,elected Panchayat members;tenant cultivators;representatives of the Scheduled Tribe community,False,0.91,deferred,False,none
LA00936,fundamental,elected Panchayat members;landowning farmers,False,0.83,rejected,True,sacred grove
LA00937,fundamental,tenant cultivators;agricultural labourers;representatives of the Scheduled Tribe community,False,0.42,rejected,True,none
LA00938,none,,False,0.38,passed,False,community water tank
LA00939,procedural,agricultural labourers,False,0.42,deferred,False,none
LA00940,procedural,agricultural labourers;landowning farmers,False,0.67,deferred,True,community water tank
LA00941,procedural,representatives of the Scheduled Tribe community;local shopkeepers and traders;the local women's self-help group,True,0.63,deferred,False,none
LA00942,none,,False,0.55,deferred,False,community water tank
LA00943,none,,False,0.57,passed,False,irrigation source
LA00944,none,,False,0.77,passed,False,none
LA00945,none,,False,0.74,passed,False,irrigation source
LA00946,none,,False,0.19,passed,False,none
LA00947,procedural,representatives of the Scheduled Tribe community,True,0.91,passed,False,none
LA00948,none,,False,0.62,rejected,False,grazing commons
LA00949,procedural,landowning farmers;tenant cultivators;local shopkeepers and traders,True,0.44,deferred,False,none
LA00950,procedural,the local women's self-help group;tenant cultivators,True,0.68,deferred,False,none
LA00951,none,,False,0.27,passed,False,none
LA00952,none,,False,0.13,deferred,False,community water tank
LA00953,fundamental,representatives of the Scheduled Tribe community;tenant cultivators;elected Panchayat members,True,1.14,deferred,True,burial ground
LA00954,none,,True,1.6,passed,False,none
LA00955,fundamental,landowning farmers;tenant cultivators,False,0.67,deferred,True,none
LA00956,none,,False,0.38,passed,False,none
LA00957,procedural,elected Panchayat members,True,0.28,rejected,False,none
LA00958,procedural,tenant cultivators;agricultural labourers,False,0.36,deferred,False,none
LA00959,none,,False,0.42,deferred,False,none
LA00960,fundamental,tenant cultivators,False,0.19,rejected,False,none
LA00961,none,,False,0.1,passed,True,community water tank
LA00962,procedural,elected Panchayat members;landowning farmers,False,0.64,passed,False,none
LA00963,none,,False,0.22,rejected,False,irrigation source
LA00964,fundamental,local shopkeepers and traders,False,0.63,rejected,False,none
LA00965,procedural,landowning farmers;local shopkeepers and traders;tenant cultivators,False,1.15,passed,False,community water tank
LA00966,procedural,tenant cultivators,False,0.35,deferred,False,community water tank
LA00967,fundamental,landowning farmers;representatives of the Scheduled Tribe community;agricultural labourers,False,0.85,rejected,False,none
LA00968,none,,False,0.62,passed,False,none
LA00969,procedural,landowning farmers;elected Panchayat members;agricultural labourers,False,0.12,passed,True,none
LA00970,procedural,representatives of the Scheduled Tribe community;the local women's self-help group,False,0.74,deferred,False,none
LA00971,none,,False,0.6,passed,False,none
LA00972,none,,False,0.65,passed,False,grazing commons
LA00973,none,,False,1.05,passed,False,none
LA00974,procedural,local shopkeepers and traders;tenant cultivators;landowning farmers,False,1.0,passed,True,irrigation source
LA00975,none,,False,2.67,passed,False,grazing commons
LA00976,fundamental,agricultural labourers;elected Panchayat members,False,0.39,rejected,False,none
LA00977,none,,False,0.37,passed,False,none
LA00978,none,,False,0.67,deferred,False,none
LA00979,procedural,landowning farmers;representatives of the Scheduled Tribe community;elected Panchayat members,True,0.9,deferred,False,none
LA00980,none,,False,0.75,passed,False,none
LA00981,fundamental,agricultural labourers;landowning farmers;representatives of the Scheduled Tribe community,True,0.05,rejected,False,none
LA00982,fundamental,agricultural labourers;tenant cultivators;landowning farmers,False,0.7,rejected,False,none
LA00983,procedural,local shopkeepers and traders;landowning farmers;agricultural labourers,False,0.63,passed,False,none
LA00984,procedural,representatives of the Scheduled Tribe community,False,0.98,deferred,False,none
LA00985,procedural,representatives of the Scheduled Tribe community;landowning farmers;agricultural labourers,True,1.0,deferred,False,none
LA00986,procedural,tenant cultivators,False,1.0,passed,True,none
LA00987,none,,False,0.44,deferred,True,none
LA00988,none,,False,0.53,passed,False,burial ground
LA00989,fundamental,elected Panchayat members;tenant cultivators,False,0.66,deferred,True,none
LA00990,none,,False,0.38,passed,True,none
LA00991,procedural,the local women's self-help group;elected Panchayat members,False,0.62,rejected,False,none
LA00992,procedural,local shopkeepers and traders;elected Panchayat members;landowning farmers,False,0.81,passed,False,none
LA00993,none,,True,0.42,passed,True,none
LA00994,none,,False,0.71,passed,False,grazing commons
LA00995,procedural,elected Panchayat members;landowning farmers;tenant cultivators,False,0.83,passed,False,community water tank
LA00996,procedural,landowning farmers;representatives of the Scheduled Tribe community,False,1.07,passed,False,irrigation source
LA00997,fundamental,local shopkeepers and traders;the local women's self-help group,False,0.1,rejected,False,grazing commons
LA00998,fundamental,tenant cultivators,False,0.54,passed,True,grazing commons
LA00999,fundamental,representatives of the Scheduled Tribe community;landowning farmers,False,0.43,passed,True,none
LA01000,fundamental,representatives of the Scheduled Tribe community,False,0.17,deferred,True,irrigation source
LA01001,procedural,agricultural labourers,False,0.07,passed,False,none
LA01002,none,,False,0.58,passed,False,none
LA01003,none,,True,0.42,passed,False,none
LA01004,none,,False,1.0,passed,False,none
LA01005,none,,False,0.62,deferred,False,none
LA01006,none,,False,0.49,passed,False,none
LA01007,fundamental,elected Panchayat members;landowning farmers;tenant cultivators,False,0.62,deferred,True,none
LA01008,fundamental,landowning farmers,False,0.05,rejected,True,none
LA01009,procedural,tenant cultivators;elected Panchayat members,False,1.6,rejected,False,none
LA01010,procedural,landowning farmers;representatives of the Scheduled Tribe community;local shopkeepers and traders,False,0.51,deferred,False,none
LA01011,none,,True,0.88,passed,False,none
LA01012,none,,False,0.18,deferred,False,none
LA01013,none,,False,0.76,rejected,False,none
LA01014,none,,False,1.6,passed,False,none
LA01015,procedural,representatives of the Scheduled Tribe community;agricultural labourers,False,0.93,deferred,False,none
LA01016,fundamental,elected Panchayat members;local shopkeepers and traders,False,0.57,deferred,False,sacred grove
LA01017,procedural,representatives of the Scheduled Tribe community;agricultural labourers;landowning farmers,False,0.9,passed,False,burial ground
LA01018,procedural,elected Panchayat members,False,0.45,rejected,False,none
LA01019,fundamental,tenant cultivators;representatives of the Scheduled Tribe community;agricultural labourers,False,0.42,rejected,True,none
LA01020,fundamental,agricultural labourers,False,0.05,passed,False,sacred grove
LA01021,procedural,agricultural labourers,False,0.72,deferred,False,none
LA01022,procedural,representatives of the Scheduled Tribe community;local shopkeepers and traders;agricultural labourers,True,0.36,rejected,False,none
LA01023,fundamental,landowning farmers,True,0.9,deferred,True,none
LA01024,procedural,local shopkeepers and traders;elected Panchayat members;tenant cultivators,False,0.45,passed,False,none
LA01025,fundamental,local shopkeepers and traders;landowning farmers;agricultural labourers,False,0.89,passed,True,none
LA01026,none,,False,0.34,passed,True,none
LA01027,fundamental,tenant cultivators;agricultural labourers,False,0.87,deferred,False,none
LA01028,procedural,representatives of the Scheduled Tribe community;elected Panchayat members;tenant cultivators,False,0.57,passed,True,none
LA01029,fundamental,elected Panchayat members,False,1.02,deferred,True,grazing commons
LA01030,procedural,landowning farmers;tenant cultivators,True,1.05,deferred,True,none
LA01031,none,,False,0.73,passed,False,irrigation source
LA01032,fundamental,landowning farmers;agricultural labourers;representatives of the Scheduled Tribe community,False,0.71,deferred,True,none
LA01033,none,,False,0.73,passed,False,irrigation source
LA01034,none,,True,0.81,rejected,False,none
LA01035,none,,True,1.14,passed,False,none
LA01036,none,,False,0.7,passed,False,sacred grove
LA01037,none,,False,0.21,passed,True,community water tank
LA01038,procedural,representatives of the Scheduled Tribe community;elected Panchayat members;tenant cultivators,False,0.66,passed,True,none
LA01039,fundamental,agricultural labourers;the local women's self-help group,False,0.2,rejected,True,none
LA01040,none,,False,0.31,passed,False,none
LA01041,procedural,agricultural labourers;landowning farmers;representatives of the Scheduled Tribe community,False,0.93,deferred,False,grazing commons
LA01042,procedural,agricultural labourers;landowning farmers,False,0.65,deferred,False,irrigation source
LA01043,fundamental,local shopkeepers and traders;agricultural labourers,True,0.33,rejected,True,none
LA01044,none,,False,0.81,passed,False,none
LA01045,none,,False,0.49,passed,True,none
LA01046,procedural,elected Panchayat members;tenant cultivators;landowning farmers,False,1.05,passed,False,none
LA01047,procedural,representatives of the Scheduled Tribe community,False,0.55,passed,False,community water tank
LA01048,none,,True,0.53,passed,False,none
LA01049,fundamental,tenant cultivators;landowning farmers;elected Panchayat members,False,0.12,deferred,True,none
LA01050,procedural,agricultural labourers;landowning farmers;tenant cultivators,False,0.5,passed,False,none
LA01051,none,,False,1.14,passed,False,none
LA01052,none,,False,0.39,deferred,False,none
LA01053,none,,False,0.5,passed,False,none
LA01054,none,,False,0.57,passed,False,none
LA01055,procedural,tenant cultivators;landowning farmers;agricultural labourers,False,0.52,deferred,False,none
LA01056,procedural,landowning farmers,False,0.55,passed,False,irrigation source
LA01057,none,,False,0.38,passed,False,none
LA01058,none,,False,0.51,passed,False,none
LA01059,procedural,tenant cultivators;landowning farmers,False,0.69,deferred,True,none
LA01060,none,,False,1.17,deferred,False,none
LA01061,none,,True,2.0,passed,True,irrigation source
LA01062,none,,False,0.17,passed,False,none
LA01063,none,,True,0.44,passed,True,none
LA01064,fundamental,landowning farmers;elected Panchayat members,True,0.88,deferred,False,none
LA01065,none,,False,0.42,deferred,False,irrigation source
LA01066,none,,False,1.14,deferred,True,none
LA01067,fundamental,elected Panchayat members;local shopkeepers and traders;tenant cultivators,False,0.24,deferred,True,burial ground
LA01068,none,,False,0.4,passed,False,none
LA01069,none,,False,0.38,passed,False,none
LA01070,none,,False,0.62,passed,False,none
LA01071,none,,False,0.26,passed,False,none
LA01072,fundamental,landowning farmers,False,0.28,rejected,False,community water tank
LA01073,none,,False,0.34,passed,False,none
LA01074,none,,False,0.6,passed,False,none
LA01075,none,,False,0.39,passed,False,none
LA01076,none,,False,0.44,passed,False,community water tank
LA01077,none,,False,0.39,passed,True,none
LA01078,procedural,agricultural labourers,False,0.24,deferred,False,irrigation source
LA01079,none,,True,0.73,passed,True,none
LA01080,none,,False,0.2,passed,False,none
LA01081,fundamental,representatives of the Scheduled Tribe community;the local women's self-help group,False,0.41,passed,True,none
LA01082,fundamental,landowning farmers;representatives of the Scheduled Tribe community,False,1.35,deferred,True,sacred grove
LA01083,none,,False,0.74,deferred,False,none
LA01084,procedural,elected Panchayat members;tenant cultivators,False,0.71,passed,False,community water tank
LA01085,none,,True,0.54,passed,False,community water tank
LA01086,fundamental,agricultural labourers;representatives of the Scheduled Tribe community;tenant cultivators,True,0.3,deferred,True,none
LA01087,procedural,landowning farmers;representatives of the Scheduled Tribe community,False,1.16,passed,False,community water tank
LA01088,none,,False,0.54,passed,False,none
LA01089,procedural,representatives of the Scheduled Tribe community;landowning farmers;agricultural labourers,False,0.67,rejected,True,none
LA01090,procedural,the local women's self-help group;representatives of the Scheduled Tribe community;tenant cultivators,False,0.2,deferred,False,none
LA01091,fundamental,elected Panchayat members;agricultural labourers,False,0.74,rejected,True,none
LA01092,fundamental,representatives of the Scheduled Tribe community,False,0.05,passed,False,none
LA01093,none,,True,0.86,passed,False,none
LA01094,none,,True,0.64,passed,False,none
LA01095,fundamental,landowning farmers,False,0.26,rejected,True,none
LA01096,none,,False,0.95,passed,False,none
LA01097,none,,False,0.4,deferred,False,community water tank
LA01098,procedural,the local women's self-help group,False,0.31,passed,False,none
LA01099,none,,False,2.0,passed,False,none
LA01100,procedural,tenant cultivators;representatives of the Scheduled Tribe community,True,0.92,passed,False,none
LA01101,procedural,representatives of the Scheduled Tribe community;agricultural labourers;local shopkeepers and traders,True,0.05,deferred,True,none
LA01102,procedural,agricultural labourers;the local women's self-help group,False,0.45,passed,False,none
LA01103,none,,False,1.21,passed,False,none
LA01104,fundamental,agricultural labourers;tenant cultivators;elected Panchayat members,False,0.31,deferred,False,none
LA01105,procedural,local shopkeepers and traders;agricultural labourers;landowning farmers,False,0.55,passed,False,none
LA01106,none,,False,0.62,passed,True,grazing commons
LA01107,none,,False,0.28,passed,False,irrigation source
LA01108,none,,False,0.4,passed,False,community water tank
LA01109,none,,False,0.57,passed,False,none
LA01110,none,,True,0.72,passed,False,none
LA01111,none,,False,1.6,deferred,False,none
LA01112,procedural,landowning farmers;tenant cultivators,False,1.14,passed,False,none
LA01113,none,,False,0.38,passed,False,none
LA01114,none,,False,0.12,passed,False,none
LA01115,procedural,landowning farmers;tenant cultivators;the local women's self-help group,True,0.74,passed,True,none
LA01116,fundamental,landowning farmers,True,0.37,passed,True,none
LA01117,procedural,tenant cultivators,False,0.63,passed,False,none
LA01118,none,,False,0.05,passed,False,none
LA01119,none,,False,0.11,passed,False,sacred grove
LA01120,procedural,landowning farmers;tenant cultivators;representatives of the Scheduled Tribe community,False,0.4,deferred,False,none
LA01121,none,,False,1.6,passed,True,community water tank
LA01122,procedural,agricultural labourers;representatives of the Scheduled Tribe community,False,0.33,passed,False,none
LA01123,procedural,landowning farmers;agricultural labourers,True,0.84,rejected,False,none
LA01124,none,,True,0.09,passed,False,none
LA01125,procedural,elected Panchayat members;the local women's self-help group,False,1.05,deferred,False,none
LA01126,fundamental,landowning farmers;agricultural labourers,True,0.59,rejected,False,none
LA01127,procedural,the local women's self-help group,False,0.16,passed,False,none
LA01128,none,,False,0.69,passed,True,none
LA01129,procedural,agricultural labourers;landowning farmers;local shopkeepers and traders,True,0.4,deferred,True,none
LA01130,none,,False,0.5,passed,False,none
LA01131,procedural,representatives of the Scheduled Tribe community;landowning farmers;agricultural labourers,False,0.66,passed,False,burial ground
LA01132,none,,False,0.61,passed,True,none
LA01133,none,,False,0.69,passed,False,none
LA01134,none,,False,0.8,passed,False,none
LA01135,none,,False,0.65,passed,False,none
LA01136,fundamental,landowning farmers;the local women's self-help group,False,0.45,rejected,False,none
LA01137,none,,False,0.39,passed,False,none
LA01138,procedural,elected Panchayat members,False,0.8,rejected,False,none
LA01139,procedural,agricultural labourers;local shopkeepers and traders,False,0.55,passed,False,irrigation source
LA01140,none,,False,0.6,passed,False,none
LA01141,none,,True,0.48,passed,False,none
LA01142,fundamental,representatives of the Scheduled Tribe community,False,0.61,rejected,True,community water tank
LA01143,none,,True,0.71,deferred,True,irrigation source
LA01144,none,,True,0.63,passed,False,none
LA01145,procedural,tenant cultivators;landowning farmers,False,0.57,deferred,False,community water tank
LA01146,procedural,representatives of the Scheduled Tribe community;landowning farmers;elected Panchayat members,False,0.7,passed,False,none
LA01147,fundamental,elected Panchayat members;the local women's self-help group,False,0.44,passed,False,community water tank
LA01148,procedural,landowning farmers;elected Panchayat members;agricultural labourers,False,1.0,rejected,True,none
LA01149,none,,False,1.0,passed,False,none
LA01150,fundamental,tenant cultivators;representatives of the Scheduled Tribe community,True,0.39,deferred,True,burial ground
LA01151,procedural,landowning farmers,True,1.28,passed,False,none
LA01152,none,,False,0.47,passed,False,none
LA01153,procedural,tenant cultivators,True,0.19,passed,False,none
LA01154,none,,False,0.49,passed,True,irrigation source
LA01155,none,,False,0.77,passed,False,none
LA01156,fundamental,agricultural labourers;landowning farmers,False,0.59,passed,True,none
LA01157,fundamental,elected Panchayat members;landowning farmers,False,0.84,rejected,True,none
LA01158,procedural,landowning farmers;tenant cultivators,False,0.59,passed,False,none
LA01159,procedural,local shopkeepers and traders;tenant cultivators;agricultural labourers,False,0.46,deferred,True,irrigation source
LA01160,fundamental,landowning farmers;the local women's self-help group;agricultural labourers,False,0.62,rejected,True,irrigation source
LA01161,none,,False,0.6,passed,False,grazing commons
LA01162,procedural,landowning farmers;local shopkeepers and traders;representatives of the Scheduled Tribe community,False,0.92,passed,False,irrigation source
LA01163,fundamental,elected Panchayat members;agricultural labourers;the local women's self-help group,True,1.14,deferred,True,none
LA01164,fundamental,landowning farmers;the local women's self-help group,False,0.48,passed,True,irrigation source
LA01165,fundamental,the local women's self-help group;elected Panchayat members,False,0.35,deferred,True,none
LA01166,none,,False,0.33,passed,False,community water tank
LA01167,none,,False,0.27,passed,False,none
LA01168,fundamental,elected Panchayat members;representatives of the Scheduled Tribe community,False,0.28,deferred,True,irrigation source
LA01169,procedural,tenant cultivators,False,1.12,deferred,False,none
LA01170,none,,False,0.23,passed,False,none
LA01171,procedural,local shopkeepers and traders,False,1.0,passed,False,none
LA01172,fundamental,tenant cultivators;agricultural labourers,False,0.77,deferred,False,none
LA01173,fundamental,tenant cultivators;local shopkeepers and traders,False,0.55,deferred,False,none
LA01174,none,,False,0.88,deferred,False,none
LA01175,none,,True,0.64,deferred,False,none
LA01176,none,,False,1.13,passed,False,none
LA01177,none,,False,0.48,rejected,True,none
LA01178,none,,False,1.6,passed,False,grazing commons
LA01179,fundamental,tenant cultivators;local shopkeepers and traders;the local women's self-help group,True,0.36,deferred,False,none
LA01180,none,,False,0.42,passed,False,grazing commons
LA01181,fundamental,agricultural labourers;the local women's self-help group;landowning farmers,False,0.35,rejected,False,community water tank
LA01182,none,,False,2.0,rejected,False,none
LA01183,procedural,tenant cultivators;representatives of the Scheduled Tribe community,True,0.53,deferred,True,grazing commons
LA01184,procedural,landowning farmers,False,0.63,passed,False,community water tank
LA01185,procedural,the local women's self-help group,False,0.84,deferred,False,none
LA01186,procedural,elected Panchayat members;the local women's self-help group,True,0.56,passed,False,none
LA01187,procedural,landowning farmers,False,0.83,rejected,False,community water tank
LA01188,procedural,local shopkeepers and traders;landowning farmers;agricultural labourers,True,0.99,deferred,False,none
LA01189,none,,False,1.1,rejected,False,none
LA01190,none,,True,0.34,passed,False,grazing commons
LA01191,none,,True,0.77,rejected,False,none
LA01192,none,,False,0.41,deferred,False,none
LA01193,fundamental,tenant cultivators;the local women's self-help group;representatives of the Scheduled Tribe community,False,0.76,rejected,True,none
LA01194,none,,False,0.49,deferred,False,irrigation source
LA01195,procedural,tenant cultivators,False,0.23,rejected,False,none
LA01196,fundamental,representatives of the Scheduled Tribe community;tenant cultivators,False,0.52,rejected,False,none
LA01197,procedural,agricultural labourers;tenant cultivators,True,0.3,rejected,False,sacred grove
LA01198,procedural,landowning farmers;local shopkeepers and traders;agricultural labourers,True,0.94,passed,False,none
LA01199,none,,True,0.52,passed,True,none
LA01200,procedural,elected Panchayat members;the local women's self-help group,False,0.33,deferred,False,none
LA01201,none,,False,0.72,passed,False,none
LA01202,fundamental,tenant cultivators;landowning farmers;the local women's self-help group,False,0.46,deferred,False,none
LA01203,none,,False,0.99,passed,False,none
LA01204,none,,False,0.53,passed,False,none
LA01205,none,,False,0.94,deferred,False,sacred grove
LA01206,none,,False,0.35,passed,False,none
LA01207,none,,False,0.3,passed,True,none
LA01208,procedural,landowning farmers,False,1.0,deferred,False,none
LA01209,none,,False,0.15,passed,False,irrigation source
LA01210,fundamental,landowning farmers;elected Panchayat members;tenant cultivators,False,0.36,passed,False,none
LA01211,none,,False,0.64,passed,False,community water tank
LA01212,none,,False,0.09,deferred,False,grazing commons
LA01213,fundamental,tenant cultivators,False,0.44,passed,True,burial ground
LA01214,none,,False,0.37,deferred,False,none
LA01215,none,,False,0.34,passed,False,none
LA01216,none,,False,0.34,passed,True,none
LA01217,fundamental,agricultural labourers;representatives of the Scheduled Tribe community;landowning farmers,False,0.4,rejected,False,burial ground
LA01218,fundamental,landowning farmers,False,0.82,rejected,False,sacred grove
LA01219,none,,False,0.66,passed,False,none
LA01220,none,,True,0.88,passed,False,none
LA01221,none,,False,2.67,passed,False,none
LA01222,fundamental,representatives of the Scheduled Tribe community,False,0.4,passed,False,irrigation source
LA01223,none,,False,1.33,passed,False,none
LA01224,fundamental,agricultural labourers;representatives of the Scheduled Tribe community,True,0.66,deferred,True,none
LA01225,procedural,the local women's self-help group;landowning farmers;agricultural labourers,False,0.26,deferred,True,irrigation source
LA01226,fundamental,tenant cultivators;landowning farmers;representatives of the Scheduled Tribe community,False,0.62,passed,False,none
LA01227,none,,False,0.64,deferred,False,none
LA01228,none,,False,0.05,passed,False,none
LA01229,none,,False,0.83,passed,False,none
LA01230,none,,False,0.89,passed,False,none
LA01231,none,,False,0.74,deferred,False,none
LA01232,none,,False,0.36,passed,True,none
LA01233,none,,True,0.6,passed,False,none
LA01234,procedural,landowning farmers,False,0.6,rejected,False,irrigation source
LA01235,fundamental,elected Panchayat members;landowning farmers;local shopkeepers and traders,True,1.19,deferred,False,none
LA01236,none,,False,1.0,passed,False,none
LA01237,procedural,agricultural labourers;landowning farmers;elected Panchayat members,False,0.8,passed,False,none
LA01238,none,,False,1.33,rejected,False,none
LA01239,procedural,agricultural labourers;elected Panchayat members;local shopkeepers and traders,False,0.77,passed,False,community water tank
LA01240,fundamental,agricultural labourers,True,1.0,rejected,True,none
LA01241,none,,False,0.74,deferred,False,none
LA01242,procedural,landowning farmers;the local women's self-help group,True,0.28,rejected,False,none
LA01243,none,,False,0.72,deferred,False,none
LA01244,none,,False,0.38,deferred,False,irrigation source
LA01245,none,,False,0.34,passed,False,none
LA01246,fundamental,tenant cultivators,False,0.9,deferred,True,none
LA01247,none,,False,0.78,passed,False,none
LA01248,fundamental,representatives of the Scheduled Tribe community,False,1.02,deferred,True,none
LA01249,procedural,representatives of the Scheduled Tribe community,False,0.19,deferred,False,none
LA01250,procedural,landowning farmers,True,2.0,deferred,False,community water tank
LA01251,fundamental,representatives of the Scheduled Tribe community;tenant cultivators;agricultural labourers,False,0.39,rejected,True,none
LA01252,fundamental,tenant cultivators;representatives of the Scheduled Tribe community;elected Panchayat members,False,0.62,deferred,True,irrigation source
LA01253,none,,True,0.66,passed,False,grazing commons
LA01254,none,,False,0.46,passed,False,community water tank
LA01255,none,,False,0.71,passed,False,none
LA01256,none,,False,0.8,passed,False,none
LA01257,none,,False,0.49,passed,False,none
LA01258,none,,False,0.66,passed,False,none
LA01259,none,,True,0.83,passed,False,none
LA01260,procedural,elected Panchayat members;landowning farmers,False,0.57,deferred,False,grazing commons
LA01261,procedural,elected Panchayat members,False,0.67,passed,False,none
LA01262,procedural,landowning farmers,False,0.61,rejected,False,none
LA01263,fundamental,landowning farmers;tenant cultivators;the local women's self-help group,True,0.54,rejected,False,none
LA01264,none,,False,1.13,passed,False,grazing commons
LA01265,none,,False,2.0,passed,False,irrigation source
LA01266,none,,False,0.62,deferred,False,none
LA01267,none,,False,0.67,passed,False,none
LA01268,fundamental,agricultural labourers,False,0.35,deferred,True,none
LA01269,none,,False,0.3,deferred,False,none
LA01270,none,,False,0.53,deferred,False,community water tank
LA01271,fundamental,landowning farmers,True,0.7,rejected,True,none
LA01272,fundamental,tenant cultivators;the local women's self-help group;elected Panchayat members,False,1.6,passed,False,irrigation source
LA01273,none,,False,0.54,passed,False,community water tank
LA01274,procedural,local shopkeepers and traders;representatives of the Scheduled Tribe community;the local women's self-help group,False,0.17,deferred,False,none
LA01275,fundamental,landowning farmers;representatives of the Scheduled Tribe community,False,0.69,rejected,False,none
LA01276,fundamental,agricultural labourers,True,0.47,deferred,True,community water tank
LA01277,fundamental,landowning farmers,False,0.62,rejected,True,grazing commons
LA01278,fundamental,the local women's self-help group,False,0.76,passed,False,none
LA01279,fundamental,representatives of the Scheduled Tribe community,False,0.8,passed,True,none
LA01280,procedural,tenant cultivators;local shopkeepers and traders,False,0.13,passed,False,none
LA01281,fundamental,landowning farmers;the local women's self-help group;representatives of the Scheduled Tribe community,True,0.71,deferred,True,none
LA01282,none,,False,0.52,passed,False,none
LA01283,none,,True,0.6,passed,False,none
LA01284,fundamental,landowning farmers;tenant cultivators,False,1.33,deferred,True,none
LA01285,none,,True,2.0,passed,False,grazing commons
LA01286,procedural,representatives of the Scheduled Tribe community;landowning farmers,False,0.73,deferred,False,none
LA01287,none,,False,0.54,passed,False,none
LA01288,fundamental,landowning farmers,False,0.3,rejected,True,none
LA01289,fundamental,representatives of the Scheduled Tribe community;elected Panchayat members;agricultural labourers,False,0.51,passed,True,none
LA01290,none,,False,0.62,passed,False,none
LA01291,procedural,agricultural labourers;landowning farmers;tenant cultivators,False,0.73,deferred,False,none
LA01292,none,,False,1.0,passed,False,none
LA01293,none,,False,0.44,passed,False,none
LA01294,procedural,local shopkeepers and traders,False,0.54,deferred,False,community water tank
LA01295,procedural,landowning farmers;representatives of the Scheduled Tribe community;elected Panchayat members,False,0.62,passed,False,none
LA01296,none,,False,0.16,passed,False,none
LA01297,procedural,agricultural labourers;tenant cultivators;elected Panchayat members,True,0.55,passed,False,community water tank
LA01298,procedural,representatives of the Scheduled Tribe community;landowning farmers,False,0.47,passed,True,none
LA01299,none,,False,0.46,passed,False,none
LA01300,procedural,representatives of the Scheduled Tribe community,False,0.41,deferred,True,burial ground
LA01301,procedural,representatives of the Scheduled Tribe community,False,0.79,passed,False,none
LA01302,procedural,representatives of the Scheduled Tribe community,False,0.54,rejected,False,grazing commons
LA01303,none,,False,0.59,passed,False,none
LA01304,none,,False,0.8,passed,False,irrigation source
LA01305,none,,False,0.16,passed,False,irrigation source
LA01306,none,,False,0.72,passed,False,none
LA01307,none,,False,0.74,passed,False,irrigation source
LA01308,none,,False,0.05,passed,False,irrigation source
LA01309,fundamental,elected Panchayat members;the local women's self-help group;tenant cultivators,False,0.68,rejected,False,grazing commons
LA01310,fundamental,local shopkeepers and traders,False,0.55,rejected,True,none
LA01311,procedural,elected Panchayat members;representatives of the Scheduled Tribe community,False,0.68,deferred,False,none
LA01312,procedural,landowning farmers;the local women's self-help group,False,0.34,deferred,True,none
LA01313,fundamental,representatives of the Scheduled Tribe community;tenant cultivators;local shopkeepers and traders,False,0.64,rejected,True,none
LA01314,none,,False,0.35,passed,True,none
LA01315,none,,False,0.08,deferred,False,none
LA01316,none,,False,1.09,passed,False,none
LA01317,fundamental,elected Panchayat members,False,0.73,passed,False,none
LA01318,none,,True,0.75,passed,True,none
LA01319,procedural,the local women's self-help group,False,0.57,deferred,False,none
LA01320,fundamental,the local women's self-help group,False,0.89,deferred,False,none
LA01321,none,,False,0.23,rejected,False,none
LA01322,procedural,tenant cultivators,False,0.51,passed,False,irrigation source
LA01323,none,,False,0.95,passed,False,none
LA01324,none,,False,0.4,passed,False,none
LA01325,procedural,agricultural labourers;the local women's self-help group;landowning farmers,False,0.41,passed,True,none
LA01326,procedural,tenant cultivators,False,0.08,passed,True,community water tank
LA01327,procedural,landowning farmers,False,0.88,deferred,False,none
LA01328,procedural,landowning farmers,False,1.6,passed,False,none
LA01329,none,,False,0.28,deferred,False,none
LA01330,fundamental,representatives of the Scheduled Tribe community;tenant cultivators;the local women's self-help group,False,0.83,rejected,False,none
LA01331,procedural,elected Panchayat members,True,0.28,passed,False,none
LA01332,procedural,local shopkeepers and traders,False,0.7,passed,False,grazing commons
LA01333,fundamental,agricultural labourers;landowning farmers;elected Panchayat members,False,0.6,rejected,False,none
LA01334,none,,False,0.91,rejected,False,community water tank
LA01335,fundamental,landowning farmers;agricultural labourers;tenant cultivators,False,0.5,passed,True,none
LA01336,none,,False,0.43,passed,False,none
LA01337,none,,False,1.1,deferred,False,none
LA01338,none,,False,0.69,deferred,False,none
LA01339,none,,False,0.8,passed,False,irrigation source
LA01340,none,,False,0.39,passed,False,none
LA01341,procedural,landowning farmers,False,0.34,deferred,False,none
LA01342,none,,True,0.6,passed,True,irrigation source
LA01343,procedural,agricultural labourers,False,0.47,deferred,False,none
LA01344,none,,True,0.25,passed,True,none
LA01345,none,,True,0.69,passed,False,community water tank
LA01346,procedural,landowning farmers;agricultural labourers;tenant cultivators,False,0.94,deferred,False,irrigation source
LA01347,procedural,local shopkeepers and traders;landowning farmers;agricultural labourers,False,0.24,deferred,False,irrigation source
LA01348,none,,False,1.02,passed,False,none
LA01349,procedural,landowning farmers,False,0.7,deferred,False,none
LA01350,none,,False,0.8,passed,False,sacred grove
LA01351,none,,False,0.6,deferred,False,sacred grove
LA01352,fundamental,agricultural labourers,False,0.05,deferred,True,none
LA01353,procedural,agricultural labourers,True,0.36,passed,True,none
LA01354,none,,False,0.58,passed,False,irrigation source
LA01355,procedural,landowning farmers;tenant cultivators;agricultural labourers,False,2.0,deferred,False,community water tank
LA01356,fundamental,elected Panchayat members;local shopkeepers and traders,True,0.41,rejected,True,none
LA01357,fundamental,the local women's self-help group;tenant cultivators,False,0.84,rejected,False,grazing commons
LA01358,fundamental,tenant cultivators;representatives of the Scheduled Tribe community;agricultural labourers,True,1.09,deferred,True,none
LA01359,procedural,landowning farmers;agricultural labourers,False,0.34,deferred,False,irrigation source
LA01360,fundamental,landowning farmers;agricultural labourers,True,0.8,rejected,True,sacred grove
LA01361,procedural,agricultural labourers;elected Panchayat members,False,0.22,passed,True,none
LA01362,fundamental,the local women's self-help group;representatives of the Scheduled Tribe community,False,0.3,passed,False,none
LA01363,none,,True,0.37,passed,False,none
LA01364,procedural,landowning farmers,True,0.61,deferred,False,none
LA01365,procedural,elected Panchayat members;landowning farmers,False,0.25,deferred,True,irrigation source
LA01366,none,,False,0.79,passed,False,none
LA01367,procedural,representatives of the Scheduled Tribe community;elected Panchayat members,False,0.86,passed,False,none
LA01368,procedural,landowning farmers,False,0.96,deferred,True,none
LA01369,procedural,representatives of the Scheduled Tribe community;tenant cultivators,False,4.0,deferred,False,irrigation source
LA01370,none,,False,0.09,passed,False,sacred grove
LA01371,none,,False,0.22,passed,False,none
LA01372,none,,False,0.82,passed,False,none
LA01373,fundamental,landowning farmers,True,0.74,rejected,True,none
LA01374,fundamental,landowning farmers,False,0.29,rejected,False,none
LA01375,fundamental,landowning farmers;local shopkeepers and traders,False,0.05,rejected,True,sacred grove
LA01376,none,,False,0.68,deferred,False,grazing commons
LA01377,procedural,tenant cultivators;local shopkeepers and traders;landowning farmers,False,8.0,deferred,False,none
LA01378,fundamental,agricultural labourers;landowning farmers;representatives of the Scheduled Tribe community,False,0.5,deferred,False,none
LA01379,none,,False,0.56,passed,False,none
LA01380,none,,False,0.15,deferred,False,none
LA01381,procedural,landowning farmers;local shopkeepers and traders;agricultural labourers,False,0.27,deferred,False,none
LA01382,none,,False,0.34,passed,False,community water tank
LA01383,procedural,representatives of the Scheduled Tribe community;elected Panchayat members;landowning farmers,False,0.62,passed,False,none
LA01384,none,,False,0.58,passed,True,none
LA01385,none,,False,0.13,passed,False,none
LA01386,none,,False,0.69,deferred,False,community water tank
LA01387,procedural,representatives of the Scheduled Tribe community,False,0.7,deferred,False,grazing commons
LA01388,none,,False,0.55,passed,False,none
LA01389,none,,False,0.73,passed,False,none
LA01390,none,,False,0.77,passed,False,none
LA01391,fundamental,elected Panchayat members;tenant cultivators;landowning farmers,True,0.77,deferred,False,none
LA01392,fundamental,landowning farmers;local shopkeepers and traders;representatives of the Scheduled Tribe community,False,0.61,rejected,False,grazing commons
LA01393,procedural,agricultural labourers,True,1.33,passed,True,irrigation source
LA01394,none,,False,0.65,passed,False,none
LA01395,procedural,representatives of the Scheduled Tribe community;local shopkeepers and traders,False,0.71,deferred,False,none
LA01396,procedural,agricultural labourers;tenant cultivators;representatives of the Scheduled Tribe community,False,0.27,deferred,False,none
LA01397,procedural,tenant cultivators;landowning farmers,False,0.81,passed,True,none
LA01398,fundamental,agricultural labourers;local shopkeepers and traders,False,1.6,rejected,True,sacred grove
LA01399,none,,False,0.23,passed,False,none
LA01400,procedural,representatives of the Scheduled Tribe community,False,0.3,deferred,False,none
LA01401,procedural,elected Panchayat members,False,0.63,passed,False,grazing commons
LA01402,fundamental,tenant cultivators,False,0.62,passed,True,none
LA01403,none,,False,0.32,passed,False,irrigation source
LA01404,none,,False,0.99,rejected,False,irrigation source
LA01405,none,,False,0.4,passed,True,none
LA01406,none,,False,0.35,passed,False,irrigation source
LA01407,none,,False,0.31,passed,False,none
LA01408,none,,True,0.86,passed,False,grazing commons
LA01409,procedural,local shopkeepers and traders;agricultural labourers;representatives of the Scheduled Tribe community,True,0.46,passed,False,none
LA01410,none,,False,0.72,passed,False,sacred grove
LA01411,procedural,tenant cultivators;landowning farmers;the local women's self-help group,False,0.49,passed,False,none
LA01412,procedural,landowning farmers;representatives of the Scheduled Tribe community;local shopkeepers and traders,False,0.56,deferred,False,none
LA01413,fundamental,tenant cultivators;agricultural labourers,False,1.04,passed,True,none
LA01414,none,,False,0.68,passed,False,none
LA01415,none,,True,0.35,passed,False,none
LA01416,procedural,landowning farmers;tenant cultivators,False,0.69,passed,False,community water tank
LA01417,none,,False,0.45,passed,False,none
LA01418,none,,False,0.7,passed,False,grazing commons
LA01419,procedural,local shopkeepers and traders;landowning farmers;agricultural labourers,False,0.49,deferred,False,grazing commons
LA01420,none,,False,0.5,passed,False,none
LA01421,fundamental,tenant cultivators;the local women's self-help group;landowning farmers,False,0.29,rejected,False,community water tank
LA01422,none,,False,0.89,passed,False,none
LA01423,procedural,elected Panchayat members;agricultural labourers;landowning farmers,False,1.14,passed,False,none
LA01424,none,,False,0.39,passed,False,none
LA01425,fundamental,representatives of the Scheduled Tribe community;landowning farmers;agricultural labourers,False,0.5,passed,False,grazing commons
LA01426,procedural,landowning farmers;local shopkeepers and traders,False,0.41,rejected,False,none
LA01427,procedural,landowning farmers;representatives of the Scheduled Tribe community,False,0.2,passed,True,grazing commons
LA01428,none,,False,0.54,passed,False,community water tank
LA01429,procedural,landowning farmers;representatives of the Scheduled Tribe community,False,0.64,passed,False,none
LA01430,none,,False,0.19,passed,False,none
LA01431,procedural,tenant cultivators;local shopkeepers and traders,False,0.34,deferred,False,none
LA01432,none,,False,0.53,passed,True,none
LA01433,procedural,the local women's self-help group;landowning farmers;tenant cultivators,False,0.05,deferred,False,none
LA01434,fundamental,local shopkeepers and traders;the local women's self-help group;representatives of the Scheduled Tribe community,True,1.14,rejected,True,sacred grove
LA01435,procedural,representatives of the Scheduled Tribe community;elected Panchayat members;tenant cultivators,False,0.64,deferred,False,irrigation source
LA01436,procedural,agricultural labourers;the local women's self-help group;representatives of the Scheduled Tribe community,False,0.67,passed,False,grazing commons
LA01437,procedural,elected Panchayat members,False,0.48,deferred,False,none
LA01438,none,,False,0.23,passed,False,grazing commons
LA01439,none,,False,0.53,passed,False,none
LA01440,fundamental,elected Panchayat members;tenant cultivators;local shopkeepers and traders,False,1.09,rejected,False,none
LA01441,fundamental,local shopkeepers and traders;tenant cultivators,False,0.57,rejected,False,none
LA01442,none,,False,0.59,passed,False,burial ground
LA01443,fundamental,tenant cultivators;agricultural labourers;landowning farmers,False,0.89,passed,True,none
LA01444,none,,True,0.29,deferred,False,none
LA01445,none,,False,0.42,passed,False,none
LA01446,fundamental,tenant cultivators,False,0.44,rejected,True,none
LA01447,procedural,elected Panchayat members;the local women's self-help group;landowning farmers,False,0.87,deferred,True,irrigation source
LA01448,none,,False,1.0,passed,False,sacred grove
LA01449,fundamental,tenant cultivators;landowning farmers,False,0.71,rejected,False,irrigation source
LA01450,procedural,elected Panchayat members;local shopkeepers and traders;landowning farmers,False,0.3,deferred,False,grazing commons
LA01451,procedural,tenant cultivators;agricultural labourers,True,0.6,rejected,False,sacred grove
LA01452,procedural,local shopkeepers and traders,False,0.57,deferred,True,none
LA01453,procedural,tenant cultivators;landowning farmers,True,0.35,passed,False,none
LA01454,fundamental,agricultural labourers;local shopkeepers and traders,False,0.24,rejected,True,none
LA01455,procedural,representatives of the Scheduled Tribe community;agricultural labourers,False,0.89,deferred,False,none
LA01456,none,,False,0.62,deferred,False,grazing commons
LA01457,none,,True,0.66,passed,False,none
LA01458,none,,False,0.55,passed,False,none
LA01459,procedural,elected Panchayat members,False,0.66,passed,False,irrigation source
LA01460,none,,True,0.79,passed,False,none
LA01461,none,,False,0.06,passed,False,none
LA01462,procedural,tenant cultivators;the local women's self-help group;landowning farmers,False,0.97,passed,False,none
LA01463,none,,False,1.14,passed,False,grazing commons
LA01464,procedural,agricultural labourers,False,0.56,deferred,False,none
LA01465,none,,False,0.5,passed,False,none
LA01466,none,,False,0.38,passed,False,none
LA01467,procedural,tenant cultivators;representatives of the Scheduled Tribe community,False,0.69,passed,False,none
LA01468,none,,False,0.7,passed,False,none
LA01469,procedural,tenant cultivators;elected Panchayat members;landowning farmers,True,0.58,rejected,False,none
LA01470,none,,False,8.0,passed,False,none
LA01471,none,,False,0.8,passed,False,none
LA01472,none,,False,0.64,deferred,False,none
LA01473,procedural,representatives of the Scheduled Tribe community,False,0.42,rejected,False,community water tank
LA01474,fundamental,tenant cultivators;elected Panchayat members,False,1.15,deferred,False,none
LA01475,none,,False,0.38,passed,False,sacred grove
LA01476,fundamental,landowning farmers,False,0.64,deferred,True,none
LA01477,fundamental,elected Panchayat members,False,0.2,deferred,True,community water tank
LA01478,none,,False,0.42,passed,True,none
LA01479,none,,True,0.92,passed,False,none
LA01480,procedural,representatives of the Scheduled Tribe community;elected Panchayat members,False,0.53,deferred,False,sacred grove
LA01481,none,,False,0.05,passed,False,none
LA01482,none,,False,1.35,deferred,False,none
LA01483,procedural,agricultural labourers;landowning farmers,False,0.55,deferred,False,irrigation source
LA01484,procedural,elected Panchayat members,False,0.62,deferred,True,none
LA01485,procedural,local shopkeepers and traders;landowning farmers,False,0.58,rejected,False,none
LA01486,fundamental,the local women's self-help group;landowning farmers;agricultural labourers,False,0.46,rejected,False,none
LA01487,none,,False,0.5,passed,False,none
LA01488,procedural,agricultural labourers;the local women's self-help group,False,1.33,deferred,False,none
LA01489,procedural,agricultural labourers;landowning farmers,False,0.92,deferred,False,none
LA01490,procedural,representatives of the Scheduled Tribe community;agricultural labourers,False,0.52,deferred,True,burial ground
LA01491,fundamental,agricultural labourers;elected Panchayat members,False,0.42,passed,True,none
LA01492,procedural,elected Panchayat members;landowning farmers;agricultural labourers,False,0.4,passed,False,none
LA01493,procedural,representatives of the Scheduled Tribe community,False,0.44,deferred,False,grazing commons
LA01494,none,,False,0.46,passed,False,none
LA01495,none,,False,0.66,passed,False,none
LA01496,none,,False,0.73,passed,True,irrigation source
LA01497,fundamental,representatives of the Scheduled Tribe community;tenant cultivators,False,0.58,rejected,False,none
LA01498,none,,False,0.42,passed,False,none
LA01499,none,,False,0.36,passed,False,none
LA01500,fundamental,tenant cultivators;the local women's self-help group,False,0.66,rejected,True,none
LA01501,none,,False,1.32,passed,False,none
LA01502,procedural,tenant cultivators,False,0.39,deferred,False,none
LA01503,none,,False,0.38,passed,False,none
LA01504,none,,False,0.67,passed,False,none
LA01505,none,,False,0.28,passed,False,none
LA01506,procedural,representatives of the Scheduled Tribe community;agricultural labourers;local shopkeepers and traders,False,0.05,passed,False,grazing commons
LA01507,fundamental,representatives of the Scheduled Tribe community,False,0.7,deferred,True,community water tank
LA01508,none,,False,0.6,deferred,False,none
LA01509,procedural,landowning farmers;agricultural labourers;elected Panchayat members,False,1.14,deferred,False,none
LA01510,none,,False,0.38,passed,True,none
LA01511,none,,True,0.46,rejected,False,none
LA01512,none,,False,0.14,passed,False,none
LA01513,fundamental,tenant cultivators;representatives of the Scheduled Tribe community;landowning farmers,False,0.29,passed,True,none
LA01514,none,,False,1.33,passed,False,none
LA01515,none,,True,0.87,passed,True,none
LA01516,procedural,agricultural labourers;local shopkeepers and traders;landowning farmers,True,0.53,rejected,True,irrigation source
LA01517,none,,False,0.5,passed,False,none
LA01518,fundamental,the local women's self-help group;agricultural labourers,False,0.4,deferred,False,grazing commons
LA01519,none,,False,0.38,passed,False,none
LA01520,procedural,elected Panchayat members;representatives of the Scheduled Tribe community;tenant cultivators,False,0.73,passed,False,none
LA01521,procedural,elected Panchayat members,False,0.62,passed,False,irrigation source
LA01522,none,,False,1.02,passed,False,none
LA01523,fundamental,representatives of the Scheduled Tribe community;elected Panchayat members;landowning farmers,False,0.05,deferred,True,none
LA01524,none,,False,0.38,passed,False,none
LA01525,none,,False,0.42,passed,False,irrigation source
LA01526,procedural,agricultural labourers,False,0.17,passed,False,none
LA01527,procedural,elected Panchayat members;the local women's self-help group,False,0.56,passed,True,none
LA01528,none,,True,0.75,passed,False,irrigation source
LA01529,fundamental,representatives of the Scheduled Tribe community;the local women's self-help group;landowning farmers,False,1.0,deferred,True,irrigation source
LA01530,procedural,the local women's self-help group,True,0.43,deferred,False,none
LA01531,procedural,representatives of the Scheduled Tribe community,False,0.73,passed,True,sacred grove
LA01532,none,,True,0.73,deferred,False,none
LA01533,procedural,the local women's self-help group;representatives of the Scheduled Tribe community,True,0.37,passed,True,sacred grove
LA01534,procedural,the local women's self-help group;tenant cultivators;landowning farmers,False,0.4,deferred,False,none
LA01535,none,,False,0.69,passed,False,none
LA01536,fundamental,representatives of the Scheduled Tribe community;landowning farmers;tenant cultivators,False,0.49,rejected,False,none
LA01537,none,,False,0.15,passed,False,community water tank
LA01538,fundamental,landowning farmers,False,0.39,deferred,True,none
LA01539,procedural,representatives of the Scheduled Tribe community;landowning farmers;tenant cultivators,False,0.67,deferred,False,none
LA01540,procedural,landowning farmers;agricultural labourers;tenant cultivators,False,0.25,passed,False,none
LA01541,procedural,representatives of the Scheduled Tribe community;elected Panchayat members;tenant cultivators,False,0.42,passed,False,sacred grove
LA01542,none,,True,0.47,passed,False,grazing commons
LA01543,procedural,elected Panchayat members,True,0.4,passed,True,irrigation source
LA01544,procedural,representatives of the Scheduled Tribe community,False,0.55,deferred,False,none
LA01545,fundamental,landowning farmers,False,0.41,deferred,False,none
LA01546,procedural,tenant cultivators;elected Panchayat members,True,0.16,rejected,False,none
LA01547,procedural,landowning farmers;tenant cultivators,True,0.73,passed,False,community water tank
LA01548,fundamental,tenant cultivators;elected Panchayat members,False,0.99,deferred,False,none
LA01549,procedural,tenant cultivators;the local women's self-help group;local shopkeepers and traders,False,0.78,deferred,False,burial ground
LA01550,none,,False,0.33,deferred,False,none
LA01551,procedural,tenant cultivators;landowning farmers;agricultural labourers,False,0.62,rejected,False,none
LA01552,procedural,representatives of the Scheduled Tribe community;the local women's self-help group,False,0.62,deferred,False,none
LA01553,none,,False,0.95,passed,True,none
LA01554,fundamental,tenant cultivators;landowning farmers,False,0.46,deferred,False,none
LA01555,procedural,landowning farmers;representatives of the Scheduled Tribe community;tenant cultivators,False,1.0,deferred,False,community water tank
LA01556,fundamental,the local women's self-help group;tenant cultivators,True,0.45,deferred,False,none
LA01557,none,,False,1.15,deferred,False,none
LA01558,none,,False,0.75,passed,False,none
LA01559,fundamental,landowning farmers;tenant cultivators,False,0.49,rejected,True,none
LA01560,fundamental,elected Panchayat members;agricultural labourers;landowning farmers,False,0.9,rejected,False,none
LA01561,fundamental,local shopkeepers and traders,True,0.6,rejected,True,none
LA01562,none,,False,0.31,passed,False,community water tank
LA01563,fundamental,landowning farmers,False,0.6,deferred,True,none
LA01564,procedural,elected Panchayat members;representatives of the Scheduled Tribe community;landowning farmers,False,0.55,deferred,False,none
LA01565,procedural,tenant cultivators;landowning farmers;local shopkeepers and traders,False,0.63,deferred,False,none
LA01566,none,,False,0.22,passed,False,none
LA01567,none,,True,0.72,passed,False,none
LA01568,procedural,tenant cultivators;representatives of the Scheduled Tribe community;local shopkeepers and traders,False,0.4,rejected,False,grazing commons
LA01569,procedural,representatives of the Scheduled Tribe community;the local women's self-help group;agricultural labourers,False,0.31,deferred,False,none
LA01570,procedural,tenant cultivators,False,0.79,passed,False,irrigation source
LA01571,none,,False,0.07,passed,False,none
LA01572,fundamental,local shopkeepers and traders;the local women's self-help group;elected Panchayat members,False,0.36,deferred,False,none
LA01573,none,,False,0.88,passed,True,none
LA01574,none,,False,4.0,passed,False,none
LA01575,procedural,agricultural labourers;the local women's self-help group;elected Panchayat members,False,0.52,deferred,False,none
LA01576,fundamental,tenant cultivators;representatives of the Scheduled Tribe community;landowning farmers,False,2.0,passed,False,none
LA01577,fundamental,representatives of the Scheduled Tribe community;agricultural labourers,False,0.57,rejected,False,community water tank
LA01578,none,,False,0.57,passed,False,none
LA01579,none,,False,1.15,passed,False,none
LA01580,fundamental,local shopkeepers and traders;tenant cultivators;landowning farmers,False,0.72,deferred,True,sacred grove
LA01581,none,,False,0.29,passed,True,none
LA01582,procedural,elected Panchayat members,False,0.66,passed,True,irrigation source
LA01583,none,,False,0.88,passed,False,none
LA01584,fundamental,the local women's self-help group,False,0.3,rejected,True,none
LA01585,none,,True,0.31,passed,False,none
LA01586,procedural,tenant cultivators;elected Panchayat members,False,0.29,passed,False,community water tank
LA01587,procedural,landowning farmers;representatives of the Scheduled Tribe community,False,0.41,passed,False,none
LA01588,procedural,the local women's self-help group;elected Panchayat members,False,0.82,passed,False,grazing commons
LA01589,procedural,elected Panchayat members;local shopkeepers and traders;the local women's self-help group,False,2.0,passed,False,none
LA01590,fundamental,elected Panchayat members;landowning farmers,False,0.53,deferred,True,community water tank
LA01591,fundamental,the local women's self-help group;tenant cultivators;elected Panchayat members,False,0.6,deferred,True,none
LA01592,fundamental,agricultural labourers;landowning farmers,False,0.93,rejected,True,none
LA01593,procedural,agricultural labourers;representatives of the Scheduled Tribe community,False,1.0,passed,True,none
LA01594,none,,False,0.47,deferred,False,irrigation source
LA01595,none,,False,0.44,passed,True,none
LA01596,procedural,agricultural labourers,False,0.35,passed,False,none
LA01597,none,,False,0.49,passed,False,none
LA01598,none,,False,0.37,passed,False,none
LA01599,procedural,the local women's self-help group,False,0.43,deferred,False,none
LA01600,procedural,elected Panchayat members;representatives of the Scheduled Tribe community;local shopkeepers and traders,False,0.8,deferred,False,none
LA01601,none,,False,0.22,deferred,False,none
LA01602,fundamental,agricultural labourers;the local women's self-help group;representatives of the Scheduled Tribe community,True,0.35,rejected,True,sacred grove
LA01603,none,,False,0.6,passed,False,none
LA01604,none,,False,1.21,passed,False,none
LA01605,none,,False,0.57,deferred,False,none
LA01606,none,,True,0.3,passed,True,none
LA01607,procedural,landowning farmers;representatives of the Scheduled Tribe community;the local women's self-help group,False,2.0,deferred,False,none
LA01608,none,,False,0.56,deferred,False,sacred grove
LA01609,none,,False,0.82,passed,False,none
LA01610,procedural,representatives of the Scheduled Tribe community;agricultural labourers;local shopkeepers and traders,False,0.46,passed,True,none
LA01611,fundamental,landowning farmers;elected Panchayat members;representatives of the Scheduled Tribe community,False,0.62,deferred,True,none
LA01612,none,,False,0.21,passed,False,none
LA01613,none,,False,0.19,passed,False,none
LA01614,none,,False,0.09,deferred,False,none
LA01615,fundamental,tenant cultivators,False,0.88,rejected,True,burial ground
LA01616,procedural,tenant cultivators;landowning farmers;local shopkeepers and traders,False,0.89,deferred,False,community water tank
LA01617,fundamental,representatives of the Scheduled Tribe community,False,1.14,rejected,True,none
LA01618,none,,False,0.1,passed,False,none
LA01619,none,,False,0.31,passed,False,community water tank
LA01620,procedural,representatives of the Scheduled Tribe community;landowning farmers;elected Panchayat members,True,0.53,rejected,False,irrigation source
LA01621,none,,False,0.32,deferred,False,none
LA01622,none,,False,0.19,passed,False,none
LA01623,none,,False,1.0,passed,False,sacred grove
LA01624,none,,False,0.79,passed,False,none
LA01625,fundamental,agricultural labourers;elected Panchayat members;the local women's self-help group,False,0.76,rejected,False,none
LA01626,fundamental,agricultural labourers,False,0.3,passed,True,none
LA01627,procedural,landowning farmers,True,0.17,passed,False,none
LA01628,fundamental,representatives of the Scheduled Tribe community;local shopkeepers and traders,False,0.79,passed,False,none
LA01629,procedural,landowning farmers,False,0.05,passed,False,none
LA01630,fundamental,tenant cultivators;landowning farmers;local shopkeepers and traders,False,0.17,rejected,True,community water tank
LA01631,none,,False,0.58,passed,False,irrigation source
LA01632,none,,False,1.14,passed,False,irrigation source
LA01633,none,,False,0.72,passed,False,irrigation source
LA01634,procedural,landowning farmers;elected Panchayat members,False,0.2,passed,False,none
LA01635,procedural,local shopkeepers and traders,False,0.52,deferred,False,sacred grove
LA01636,none,,False,0.2,deferred,False,none
LA01637,procedural,landowning farmers;tenant cultivators;elected Panchayat members,True,0.94,passed,False,none
LA01638,procedural,landowning farmers,True,0.62,passed,True,none
LA01639,procedural,the local women's self-help group;elected Panchayat members,False,0.91,passed,False,none
LA01640,procedural,tenant cultivators;the local women's self-help group,False,0.8,deferred,False,none
LA01641,procedural,representatives of the Scheduled Tribe community;agricultural labourers;tenant cultivators,True,0.78,deferred,False,none
LA01642,fundamental,agricultural labourers,False,4.0,rejected,False,none
LA01643,procedural,landowning farmers,False,0.67,passed,False,none
LA01644,fundamental,landowning farmers;the local women's self-help group,False,0.33,rejected,False,none
LA01645,fundamental,agricultural labourers;elected Panchayat members,False,0.62,passed,False,grazing commons
LA01646,none,,False,0.49,passed,False,none
LA01647,none,,False,0.41,passed,True,community water tank
LA01648,procedural,local shopkeepers and traders,False,1.0,passed,False,none
LA01649,fundamental,agricultural labourers;representatives of the Scheduled Tribe community,False,0.83,deferred,True,none
LA01650,none,,False,0.39,deferred,False,none
LA01651,none,,False,0.95,passed,False,grazing commons
LA01652,none,,False,2.0,passed,False,none
LA01653,fundamental,agricultural labourers,False,0.51,passed,False,none
LA01654,none,,False,0.62,passed,False,none
LA01655,none,,False,0.4,passed,True,community water tank
LA01656,none,,False,0.23,passed,False,none
LA01657,none,,True,0.83,passed,False,none
LA01658,none,,False,1.14,passed,False,sacred grove
LA01659,none,,False,0.54,passed,False,none
LA01660,procedural,the local women's self-help group;agricultural labourers;local shopkeepers and traders,False,1.33,deferred,False,grazing commons
LA01661,procedural,tenant cultivators,False,0.47,passed,False,none
LA01662,fundamental,landowning farmers;the local women's self-help group;tenant cultivators,False,0.5,rejected,True,none
LA01663,fundamental,landowning farmers,False,1.31,deferred,True,none
LA01664,none,,False,1.14,deferred,False,none
LA01665,none,,True,0.46,passed,False,none
LA01666,fundamental,tenant cultivators;representatives of the Scheduled Tribe community,False,1.33,deferred,False,none
LA01667,procedural,elected Panchayat members;landowning farmers;agricultural labourers,False,0.95,deferred,False,none
LA01668,none,,False,0.75,deferred,False,none
LA01669,fundamental,representatives of the Scheduled Tribe community;tenant cultivators;agricultural labourers,False,0.67,rejected,False,none
LA01670,fundamental,landowning farmers;tenant cultivators;agricultural labourers,False,0.32,rejected,True,none
LA01671,none,,False,0.87,deferred,False,none
LA01672,procedural,local shopkeepers and traders;elected Panchayat members,False,0.36,passed,False,none
LA01673,none,,True,0.81,passed,False,none
LA01674,procedural,elected Panchayat members;landowning farmers,False,0.47,passed,False,sacred grove
LA01675,fundamental,landowning farmers;representatives of the Scheduled Tribe community;tenant cultivators,False,0.26,rejected,True,none
LA01676,none,,False,0.5,passed,False,none
LA01677,procedural,tenant cultivators;elected Panchayat members,True,0.63,deferred,True,irrigation source
LA01678,fundamental,agricultural labourers;tenant cultivators,False,0.57,passed,True,none
LA01679,fundamental,landowning farmers;local shopkeepers and traders,False,0.47,deferred,True,none
LA01680,procedural,landowning farmers;elected Panchayat members,False,0.61,passed,False,none
LA01681,none,,False,8.0,deferred,False,community water tank
LA01682,none,,False,0.31,deferred,False,none
LA01683,none,,False,0.52,passed,True,irrigation source
LA01684,procedural,landowning farmers,False,0.61,passed,False,none
LA01685,none,,False,0.13,passed,False,irrigation source
LA01686,procedural,landowning farmers,True,2.0,passed,False,none
LA01687,fundamental,local shopkeepers and traders,False,0.75,rejected,True,none
LA01688,procedural,landowning farmers;local shopkeepers and traders,False,0.48,passed,False,irrigation source
LA01689,none,,False,0.39,passed,False,none
LA01690,fundamental,tenant cultivators;the local women's self-help group,False,0.52,passed,False,grazing commons
LA01691,fundamental,tenant cultivators;local shopkeepers and traders;agricultural labourers,True,0.16,passed,True,grazing commons
LA01692,procedural,agricultural labourers;representatives of the Scheduled Tribe community;landowning farmers,False,0.5,passed,False,grazing commons
LA01693,none,,False,0.43,rejected,False,none
LA01694,fundamental,landowning farmers;representatives of the Scheduled Tribe community,False,0.5,deferred,True,none
LA01695,fundamental,tenant cultivators;landowning farmers,False,1.0,rejected,False,none
LA01696,none,,False,0.5,passed,False,none
LA01697,procedural,elected Panchayat members;representatives of the Scheduled Tribe community;tenant cultivators,False,0.79,deferred,False,none
LA01698,fundamental,representatives of the Scheduled Tribe community;local shopkeepers and traders;tenant cultivators,False,0.36,deferred,False,community water tank
LA01699,fundamental,landowning farmers,False,0.22,rejected,True,none
LA01700,none,,True,0.63,passed,False,community water tank
LA01701,fundamental,tenant cultivators;agricultural labourers;representatives of the Scheduled Tribe community,True,0.31,rejected,True,none
LA01702,fundamental,landowning farmers,False,0.79,deferred,True,grazing commons
LA01703,none,,False,0.88,passed,False,community water tank
LA01704,fundamental,agricultural labourers;landowning farmers,False,0.59,rejected,False,none
LA01705,fundamental,elected Panchayat members;representatives of the Scheduled Tribe community;local shopkeepers and traders,False,0.65,deferred,True,none
LA01706,procedural,elected Panchayat members;agricultural labourers;tenant cultivators,False,0.31,passed,False,none
LA01707,none,,False,1.17,deferred,False,none
LA01708,none,,False,0.83,passed,False,none
LA01709,fundamental,landowning farmers,False,0.62,rejected,True,none
LA01710,procedural,elected Panchayat members,True,0.37,deferred,True,none
LA01711,none,,False,1.2,passed,False,none
LA01712,procedural,landowning farmers;local shopkeepers and traders;tenant cultivators,False,0.47,deferred,False,none
LA01713,fundamental,tenant cultivators;agricultural labourers;representatives of the Scheduled Tribe community,True,0.98,rejected,False,none
LA01714,fundamental,landowning farmers;tenant cultivators,False,0.62,rejected,False,none
LA01715,procedural,elected Panchayat members;the local women's self-help group;representatives of the Scheduled Tribe community,False,1.05,rejected,False,none
LA01716,none,,False,0.37,passed,False,irrigation source
LA01717,fundamental,elected Panchayat members;agricultural labourers;tenant cultivators,False,0.57,rejected,False,community water tank
LA01718,none,,False,0.48,passed,False,irrigation source
LA01719,procedural,representatives of the Scheduled Tribe community;elected Panchayat members,True,0.69,deferred,False,none
LA01720,none,,False,0.41,passed,False,community water tank
LA01721,none,,False,0.56,passed,False,grazing commons
LA01722,none,,True,0.15,passed,False,none
LA01723,procedural,elected Panchayat members;representatives of the Scheduled Tribe community;landowning farmers,True,0.4,passed,False,none
LA01724,none,,False,0.5,passed,False,community water tank
LA01725,none,,True,0.87,passed,False,none
LA01726,procedural,representatives of the Scheduled Tribe community;landowning farmers;tenant cultivators,False,0.69,passed,False,none
LA01727,none,,False,0.47,passed,False,none
LA01728,none,,False,0.1,passed,False,none
LA01729,procedural,agricultural labourers;representatives of the Scheduled Tribe community,False,0.05,passed,False,none
LA01730,none,,True,0.42,rejected,False,none
LA01731,procedural,tenant cultivators;elected Panchayat members,True,0.86,passed,False,none
LA01732,none,,False,0.79,passed,False,none
LA01733,fundamental,tenant cultivators;the local women's self-help group;representatives of the Scheduled Tribe community,False,1.02,passed,True,none
LA01734,none,,False,0.62,passed,True,none
LA01735,none,,False,0.5,deferred,False,grazing commons
LA01736,procedural,landowning farmers,True,0.63,deferred,False,none
LA01737,fundamental,representatives of the Scheduled Tribe community;landowning farmers;tenant cultivators,False,1.33,deferred,True,none
LA01738,none,,False,0.53,passed,True,none
LA01739,fundamental,landowning farmers,False,0.92,rejected,True,burial ground
LA01740,procedural,the local women's self-help group,False,0.54,passed,False,none
LA01741,none,,False,0.57,passed,False,none
LA01742,none,,False,0.82,passed,False,grazing commons
LA01743,fundamental,tenant cultivators,False,1.33,rejected,False,none
LA01744,none,,False,0.54,rejected,True,none
LA01745,procedural,landowning farmers;elected Panchayat members,False,0.45,rejected,False,none
LA01746,procedural,local shopkeepers and traders;landowning farmers,False,1.31,passed,False,none
LA01747,none,,False,0.78,passed,False,none
LA01748,none,,False,0.5,passed,False,burial ground
LA01749,fundamental,landowning farmers;the local women's self-help group,False,0.4,deferred,False,none
LA01750,fundamental,the local women's self-help group;landowning farmers;agricultural labourers,False,0.41,rejected,True,none
LA01751,none,,False,0.66,passed,False,community water tank
LA01752,procedural,the local women's self-help group;landowning farmers,False,0.84,passed,False,sacred grove
LA01753,fundamental,representatives of the Scheduled Tribe community;tenant cultivators;landowning farmers,False,0.67,rejected,True,none
LA01754,fundamental,landowning farmers;representatives of the Scheduled Tribe community;elected Panchayat members,False,0.39,deferred,False,none
LA01755,procedural,landowning farmers;representatives of the Scheduled Tribe community;tenant cultivators,False,1.0,deferred,False,none
LA01756,none,,False,0.44,passed,False,community water tank
LA01757,none,,False,0.73,deferred,False,none
LA01758,none,,True,0.78,deferred,False,none
LA01759,none,,False,0.33,passed,True,grazing commons
LA01760,procedural,landowning farmers;representatives of the Scheduled Tribe community;elected Panchayat members,True,0.53,passed,True,none
LA01761,procedural,tenant cultivators;landowning farmers;agricultural labourers,False,0.76,deferred,True,none
LA01762,fundamental,agricultural labourers;tenant cultivators;elected Panchayat members,False,0.49,rejected,False,none
LA01763,procedural,agricultural labourers;tenant cultivators,False,0.96,rejected,True,none
LA01764,procedural,landowning farmers;agricultural labourers;tenant cultivators,False,0.22,deferred,False,none
LA01765,fundamental,tenant cultivators,False,1.42,rejected,True,none
LA01766,procedural,landowning farmers;the local women's self-help group,False,1.12,deferred,False,none
LA01767,none,,False,0.41,deferred,False,none
LA01768,none,,False,0.23,passed,False,none
LA01769,procedural,representatives of the Scheduled Tribe community;elected Panchayat members,False,0.51,passed,False,none
LA01770,procedural,tenant cultivators;representatives of the Scheduled Tribe community;landowning farmers,False,0.76,deferred,False,none
LA01771,none,,False,0.58,passed,False,community water tank
LA01772,procedural,agricultural labourers;tenant cultivators,False,0.81,rejected,False,none
LA01773,fundamental,tenant cultivators;landowning farmers,False,0.91,deferred,True,none
LA01774,procedural,tenant cultivators;the local women's self-help group;agricultural labourers,False,0.8,passed,False,none
LA01775,none,,False,0.89,passed,False,none
LA01776,procedural,representatives of the Scheduled Tribe community;tenant cultivators;landowning farmers,False,1.14,rejected,False,none
LA01777,procedural,agricultural labourers;landowning farmers,True,0.6,passed,False,none
LA01778,fundamental,tenant cultivators,False,0.38,deferred,True,none
LA01779,procedural,the local women's self-help group,False,0.81,deferred,False,community water tank
LA01780,none,,False,0.77,passed,False,irrigation source
LA01781,none,,False,2.0,passed,False,none
LA01782,procedural,tenant cultivators;agricultural labourers,False,0.45,deferred,False,none
LA01783,fundamental,tenant cultivators;landowning farmers;the local women's self-help group,False,0.73,passed,False,none
LA01784,fundamental,landowning farmers,False,0.49,rejected,True,none
LA01785,none,,False,0.64,passed,False,grazing commons
LA01786,none,,True,0.58,passed,False,none
LA01787,none,,False,0.24,deferred,False,none
LA01788,procedural,agricultural labourers,False,0.59,passed,False,none
LA01789,procedural,landowning farmers,False,0.08,deferred,False,none
LA01790,procedural,representatives of the Scheduled Tribe community,False,0.47,passed,False,none
LA01791,procedural,local shopkeepers and traders,False,0.76,deferred,True,irrigation source
LA01792,none,,False,0.29,passed,False,none
LA01793,none,,False,0.06,passed,False,none
LA01794,fundamental,the local women's self-help group;elected Panchayat members;agricultural labourers,False,0.07,rejected,False,sacred grove
LA01795,none,,True,0.63,passed,False,none
LA01796,none,,False,0.46,passed,False,none
LA01797,procedural,landowning farmers;agricultural labourers;representatives of the Scheduled Tribe community,False,0.7,passed,False,sacred grove
LA01798,procedural,tenant cultivators,False,0.52,rejected,False,irrigation source
LA01799,fundamental,elected Panchayat members,False,0.54,passed,False,none
LA01800,none,,False,0.13,passed,False,community water tank
LA01801,none,,False,0.24,passed,False,burial ground
LA01802,procedural,the local women's self-help group;local shopkeepers and traders,False,0.52,passed,False,none
LA01803,procedural,the local women's self-help group,False,0.26,passed,False,grazing commons
LA01804,procedural,representatives of the Scheduled Tribe community;landowning farmers;tenant cultivators,False,0.58,deferred,True,none
LA01805,fundamental,representatives of the Scheduled Tribe community,False,0.06,deferred,True,none
LA01806,none,,True,0.5,passed,False,none
LA01807,fundamental,landowning farmers;agricultural labourers,False,0.41,passed,True,none
LA01808,none,,False,0.95,passed,False,none
LA01809,none,,False,0.42,passed,True,sacred grove
LA01810,procedural,the local women's self-help group,False,2.67,deferred,True,none
LA01811,fundamental,local shopkeepers and traders;landowning farmers,False,0.6,deferred,True,none
LA01812,none,,False,0.52,passed,False,community water tank
LA01813,none,,True,1.05,passed,False,community water tank
LA01814,procedural,tenant cultivators,False,0.93,passed,False,none
LA01815,fundamental,landowning farmers;the local women's self-help group,False,1.0,deferred,False,none
LA01816,none,,False,0.8,passed,False,none
LA01817,fundamental,agricultural labourers;elected Panchayat members;landowning farmers,False,0.66,rejected,False,none
LA01818,fundamental,agricultural labourers;landowning farmers;local shopkeepers and traders,True,0.24,passed,True,none
LA01819,none,,False,1.0,passed,False,community water tank
LA01820,fundamental,agricultural labourers;landowning farmers,False,0.7,rejected,True,none
LA01821,fundamental,landowning farmers;elected Panchayat members;agricultural labourers,False,0.71,passed,True,grazing commons
LA01822,procedural,elected Panchayat members,False,1.13,deferred,False,none
LA01823,fundamental,landowning farmers;representatives of the Scheduled Tribe community;the local women's self-help group,False,0.57,passed,False,none
LA01824,none,,False,0.98,rejected,False,none
LA01825,none,,False,1.22,passed,False,grazing commons
LA01826,procedural,elected Panchayat members;landowning farmers,False,0.71,passed,False,none
LA01827,none,,False,1.03,rejected,True,none
LA01828,fundamental,representatives of the Scheduled Tribe community,False,0.47,rejected,False,none
LA01829,none,,True,0.81,passed,False,none
LA01830,none,,False,0.43,passed,False,none
LA01831,none,,True,0.14,deferred,False,community water tank
LA01832,none,,True,1.18,passed,True,none
LA01833,fundamental,agricultural labourers;representatives of the Scheduled Tribe community;landowning farmers,False,1.42,passed,True,none
LA01834,procedural,landowning farmers;the local women's self-help group,False,0.09,deferred,False,none
LA01835,procedural,tenant cultivators;representatives of the Scheduled Tribe community,False,0.52,deferred,False,none
LA01836,none,,False,0.29,passed,False,none
LA01837,procedural,tenant cultivators;local shopkeepers and traders,False,0.76,passed,False,none
LA01838,none,,False,0.5,passed,False,grazing commons
LA01839,none,,False,0.53,deferred,False,none
LA01840,none,,False,0.41,passed,False,none
LA01841,procedural,landowning farmers,False,0.86,deferred,False,burial ground
LA01842,none,,False,0.92,passed,False,none
LA01843,fundamental,representatives of the Scheduled Tribe community;landowning farmers,False,2.67,deferred,False,sacred grove
LA01844,none,,False,1.12,passed,False,none
LA01845,fundamental,representatives of the Scheduled Tribe community;local shopkeepers and traders;agricultural labourers,False,0.55,rejected,False,grazing commons
LA01846,procedural,elected Panchayat members;local shopkeepers and traders;representatives of the Scheduled Tribe community,False,0.8,passed,True,none
LA01847,procedural,agricultural labourers,False,0.5,deferred,False,none
LA01848,none,,False,1.04,passed,False,none
LA01849,fundamental,landowning farmers,False,0.79,deferred,False,irrigation source
LA01850,none,,False,0.33,passed,True,grazing commons
LA01851,none,,False,0.53,deferred,False,none
LA01852,none,,True,0.1,passed,False,none
LA01853,fundamental,elected Panchayat members;the local women's self-help group,False,0.2,deferred,False,none
LA01854,fundamental,agricultural labourers,False,0.44,rejected,True,none
LA01855,none,,False,0.56,passed,False,none
LA01856,procedural,agricultural labourers,False,0.46,deferred,True,none
LA01857,none,,False,0.17,deferred,False,none
LA01858,none,,False,0.17,passed,False,community water tank
LA01859,procedural,landowning farmers;representatives of the Scheduled Tribe community;elected Panchayat members,False,0.74,deferred,True,none
LA01860,fundamental,agricultural labourers;tenant cultivators,False,0.76,passed,False,none
LA01861,procedural,tenant cultivators,False,0.96,passed,False,none
LA01862,procedural,landowning farmers;the local women's self-help group,False,0.27,deferred,False,irrigation source
LA01863,none,,False,0.52,passed,False,none
LA01864,procedural,tenant cultivators,False,0.2,passed,False,none
LA01865,procedural,tenant cultivators;elected Panchayat members;the local women's self-help group,True,0.31,deferred,True,none
LA01866,none,,True,0.93,passed,False,none
LA01867,procedural,landowning farmers,False,2.0,deferred,False,none
LA01868,fundamental,landowning farmers;tenant cultivators;the local women's self-help group,False,0.8,deferred,True,irrigation source
LA01869,none,,False,0.98,passed,False,sacred grove
LA01870,none,,True,0.4,passed,False,none
LA01871,procedural,elected Panchayat members,False,0.33,rejected,False,none
LA01872,none,,False,0.26,passed,False,none
LA01873,none,,True,1.0,passed,False,none
LA01874,fundamental,tenant cultivators;landowning farmers;elected Panchayat members,False,0.19,rejected,False,none
LA01875,fundamental,local shopkeepers and traders;agricultural labourers;representatives of the Scheduled Tribe community,True,0.33,rejected,False,none
LA01876,fundamental,local shopkeepers and traders;tenant cultivators,False,0.63,rejected,True,none
LA01877,procedural,tenant cultivators,False,0.8,deferred,False,irrigation source
LA01878,procedural,landowning farmers;local shopkeepers and traders,False,0.5,deferred,False,none
LA01879,procedural,landowning farmers,False,0.87,rejected,False,community water tank
LA01880,procedural,tenant cultivators;landowning farmers,False,0.53,deferred,False,none
LA01881,fundamental,tenant cultivators;elected Panchayat members,False,0.5,deferred,True,none
LA01882,procedural,landowning farmers,False,0.6,deferred,True,none
LA01883,procedural,landowning farmers;agricultural labourers,True,0.57,deferred,True,none
LA01884,none,,True,0.48,deferred,False,burial ground
LA01885,fundamental,landowning farmers;representatives of the Scheduled Tribe community;local shopkeepers and traders,False,0.42,deferred,False,sacred grove
LA01886,fundamental,elected Panchayat members;tenant cultivators,False,1.08,passed,True,none
LA01887,none,,False,0.6,deferred,False,none
LA01888,none,,False,0.15,passed,False,none
LA01889,procedural,representatives of the Scheduled Tribe community;landowning farmers,True,0.42,passed,False,none
LA01890,procedural,agricultural labourers;tenant cultivators;landowning farmers,False,0.58,rejected,True,none
LA01891,none,,True,0.25,passed,False,irrigation source
LA01892,procedural,landowning farmers;representatives of the Scheduled Tribe community,False,0.89,passed,False,none
LA01893,fundamental,landowning farmers;tenant cultivators;local shopkeepers and traders,True,0.35,deferred,False,none
LA01894,fundamental,landowning farmers;agricultural labourers;the local women's self-help group,False,0.2,passed,True,none
LA01895,none,,False,0.87,passed,False,sacred grove
LA01896,procedural,landowning farmers;elected Panchayat members;local shopkeepers and traders,False,0.57,passed,False,burial ground
LA01897,procedural,elected Panchayat members;tenant cultivators,False,0.66,passed,True,none
LA01898,none,,False,0.7,rejected,True,none
LA01899,none,,False,0.24,deferred,False,grazing commons
LA01900,procedural,representatives of the Scheduled Tribe community;tenant cultivators,False,0.89,passed,False,community water tank
LA01901,none,,True,0.89,deferred,True,none
LA01902,fundamental,tenant cultivators,True,0.4,rejected,True,grazing commons
LA01903,none,,True,1.0,passed,True,grazing commons
LA01904,procedural,tenant cultivators,False,0.46,passed,False,none
LA01905,procedural,elected Panchayat members;agricultural labourers,False,0.89,deferred,True,none
LA01906,fundamental,representatives of the Scheduled Tribe community;tenant cultivators,False,1.23,rejected,True,burial ground
LA01907,none,,False,0.84,passed,False,sacred grove
LA01908,none,,False,0.5,passed,False,grazing commons
LA01909,procedural,the local women's self-help group;representatives of the Scheduled Tribe community,False,0.26,deferred,False,none
LA01910,none,,False,1.0,passed,False,none
LA01911,procedural,tenant cultivators;landowning farmers,False,0.58,rejected,False,none
LA01912,none,,False,0.36,passed,False,none
LA01913,none,,False,0.24,passed,False,none
LA01914,fundamental,elected Panchayat members;agricultural labourers;landowning farmers,False,1.33,rejected,True,none
LA01915,none,,False,0.54,passed,False,none
LA01916,none,,False,0.74,passed,False,none
LA01917,procedural,the local women's self-help group;landowning farmers;agricultural labourers,True,0.37,passed,False,none
LA01918,procedural,landowning farmers;the local women's self-help group;tenant cultivators,False,0.94,deferred,False,none
LA01919,procedural,representatives of the Scheduled Tribe community;landowning farmers;agricultural labourers,False,0.56,deferred,False,irrigation source
LA01920,fundamental,elected Panchayat members,False,0.38,deferred,True,none
LA01921,none,,False,1.0,passed,False,grazing commons
LA01922,none,,False,0.77,deferred,False,none
LA01923,procedural,landowning farmers;representatives of the Scheduled Tribe community;local shopkeepers and traders,False,1.0,deferred,False,none
LA01924,none,,False,0.45,passed,False,community water tank
LA01925,none,,True,0.57,deferred,False,none
LA01926,procedural,elected Panchayat members,True,0.55,deferred,False,irrigation source
LA01927,procedural,agricultural labourers,False,1.07,passed,False,none
LA01928,none,,False,0.78,passed,False,grazing commons
LA01929,procedural,representatives of the Scheduled Tribe community;landowning farmers,True,0.63,deferred,False,none
LA01930,none,,True,0.4,passed,True,none
LA01931,fundamental,landowning farmers;elected Panchayat members,False,0.74,deferred,False,none
LA01932,fundamental,landowning farmers,False,0.32,rejected,True,none
LA01933,fundamental,local shopkeepers and traders;landowning farmers;representatives of the Scheduled Tribe community,False,0.46,rejected,False,community water tank
LA01934,none,,False,0.87,passed,False,none
LA01935,none,,False,0.61,passed,False,grazing commons
LA01936,procedural,landowning farmers,False,0.42,passed,True,none
LA01937,procedural,the local women's self-help group;landowning farmers;representatives of the Scheduled Tribe community,False,0.8,passed,False,none
LA01938,fundamental,elected Panchayat members;representatives of the Scheduled Tribe community;local shopkeepers and traders,True,0.67,rejected,True,sacred grove
LA01939,none,,False,0.62,passed,False,irrigation source
LA01940,none,,True,0.47,deferred,False,community water tank
LA01941,procedural,agricultural labourers,False,0.73,deferred,False,none
LA01942,none,,False,0.25,passed,False,irrigation source
LA01943,none,,True,0.61,passed,True,none
LA01944,fundamental,representatives of the Scheduled Tribe community;landowning farmers;the local women's self-help group,True,0.3,rejected,True,burial ground
LA01945,fundamental,elected Panchayat members,False,0.62,deferred,False,none
LA01946,none,,False,0.62,passed,False,none
LA01947,none,,False,0.9,passed,False,none
LA01948,none,,False,0.54,passed,False,sacred grove
LA01949,procedural,landowning farmers;local shopkeepers and traders;agricultural labourers,False,0.58,deferred,False,none
LA01950,none,,False,0.47,deferred,False,none
LA01951,none,,True,0.54,deferred,True,none
LA01952,fundamental,elected Panchayat members;agricultural labourers,False,0.15,deferred,True,none
LA01953,none,,False,0.51,passed,False,none
LA01954,none,,True,1.33,deferred,False,none
LA01955,none,,False,0.83,passed,False,irrigation source
LA01956,procedural,local shopkeepers and traders;elected Panchayat members,False,0.11,deferred,True,none
LA01957,procedural,local shopkeepers and traders;landowning farmers,False,0.77,deferred,False,grazing commons
LA01958,procedural,representatives of the Scheduled Tribe community,True,0.5,deferred,False,grazing commons
LA01959,none,,False,0.73,passed,False,none
LA01960,none,,False,0.27,passed,True,none
LA01961,none,,False,0.33,passed,False,none
LA01962,none,,False,0.05,passed,False,none
LA01963,procedural,agricultural labourers,False,0.47,passed,False,none
LA01964,procedural,representatives of the Scheduled Tribe community;the local women's self-help group;elected Panchayat members,False,0.6,rejected,False,none
LA01965,none,,False,0.74,passed,False,none
LA01966,fundamental,landowning farmers;representatives of the Scheduled Tribe community,False,0.56,passed,True,none
LA01967,procedural,tenant cultivators,False,0.57,passed,False,none
LA01968,none,,False,2.0,passed,False,grazing commons
LA01969,none,,False,0.48,passed,False,none
LA01970,none,,False,0.62,passed,False,none
LA01971,procedural,landowning farmers;local shopkeepers and traders,False,1.06,deferred,False,none
LA01972,none,,False,0.22,deferred,False,community water tank
LA01973,none,,False,0.79,passed,False,none
LA01974,fundamental,landowning farmers,False,0.47,rejected,True,sacred grove
LA01975,fundamental,landowning farmers;agricultural labourers;elected Panchayat members,False,0.21,rejected,True,none
LA01976,procedural,agricultural labourers;tenant cultivators,False,0.81,passed,False,community water tank
LA01977,none,,False,0.26,deferred,False,community water tank
LA01978,procedural,the local women's self-help group,True,0.39,deferred,False,irrigation source
LA01979,procedural,tenant cultivators;representatives of the Scheduled Tribe community,False,0.87,passed,False,none
LA01980,procedural,tenant cultivators;landowning farmers,True,0.97,passed,False,none
LA01981,fundamental,elected Panchayat members,True,0.42,deferred,True,none
LA01982,fundamental,landowning farmers,True,0.7,deferred,True,none
LA01983,fundamental,landowning farmers,True,0.6,passed,True,none
LA01984,procedural,tenant cultivators;agricultural labourers;the local women's self-help group,False,0.89,passed,False,none
LA01985,fundamental,landowning farmers;agricultural labourers,True,0.65,deferred,False,irrigation source
LA01986,none,,False,1.1,passed,False,community water tank
LA01987,fundamental,the local women's self-help group,False,0.75,deferred,False,grazing commons
LA01988,none,,False,0.92,deferred,False,none
LA01989,none,,False,2.67,passed,False,community water tank
LA01990,fundamental,the local women's self-help group;elected Panchayat members,True,0.05,rejected,True,none
LA01991,fundamental,the local women's self-help group;agricultural labourers,False,0.76,deferred,False,none
LA01992,none,,False,0.54,deferred,False,none
LA01993,fundamental,elected Panchayat members;landowning farmers,False,0.52,rejected,False,none
LA01994,none,,False,1.6,deferred,False,none
LA01995,none,,False,0.36,passed,False,none
LA01996,none,,False,2.67,passed,False,none
LA01997,none,,False,0.57,passed,True,none
LA01998,procedural,tenant cultivators;the local women's self-help group,False,2.0,passed,False,none
LA01999,none,,False,0.62,deferred,False,sacred grove
LA02000,none,,False,0.91,passed,True,none
LA02001,none,,False,1.6,passed,False,none
LA02002,none,,False,0.05,deferred,False,none
LA02003,procedural,agricultural labourers,False,0.3,deferred,False,grazing commons
LA02004,procedural,elected Panchayat members,False,0.57,deferred,False,none
LA02005,fundamental,tenant cultivators;agricultural labourers,False,0.82,deferred,False,community water tank
LA02006,procedural,tenant cultivators,False,0.52,passed,False,none
LA02007,procedural,landowning farmers;tenant cultivators;elected Panchayat members,False,1.14,deferred,True,none
LA02008,procedural,landowning farmers;representatives of the Scheduled Tribe community,False,1.2,deferred,False,none
LA02009,none,,False,0.62,deferred,False,none
LA02010,none,,False,0.23,rejected,False,none
LA02011,fundamental,representatives of the Scheduled Tribe community;elected Panchayat members,False,0.05,passed,False,none
LA02012,none,,True,0.54,passed,False,none
LA02013,none,,False,0.73,deferred,False,none
LA02014,procedural,agricultural labourers;landowning farmers;local shopkeepers and traders,False,0.36,passed,False,none
LA02015,fundamental,agricultural labourers;tenant cultivators;local shopkeepers and traders,False,1.0,passed,False,none
LA02016,procedural,tenant cultivators;agricultural labourers;representatives of the Scheduled Tribe community,False,0.64,deferred,False,none
LA02017,procedural,tenant cultivators;elected Panchayat members,True,0.44,rejected,False,none
LA02018,procedural,agricultural labourers;landowning farmers,True,0.45,rejected,True,community water tank
LA02019,fundamental,tenant cultivators;agricultural labourers;representatives of the Scheduled Tribe community,True,1.0,passed,True,none
LA02020,procedural,local shopkeepers and traders,False,0.3,deferred,False,grazing commons
LA02021,none,,True,0.87,passed,False,community water tank
LA02022,fundamental,tenant cultivators;the local women's self-help group,False,0.54,rejected,False,community water tank
LA02023,none,,False,0.91,passed,False,none
LA02024,procedural,local shopkeepers and traders,False,0.3,deferred,False,none
LA02025,none,,False,0.62,passed,False,none
LA02026,fundamental,elected Panchayat members,False,0.2,rejected,False,none
LA02027,procedural,tenant cultivators;local shopkeepers and traders;the local women's self-help group,False,0.62,passed,False,none
LA02028,procedural,local shopkeepers and traders;representatives of the Scheduled Tribe community;tenant cultivators,False,0.58,deferred,False,grazing commons
LA02029,none,,True,0.96,deferred,False,none
LA02030,none,,False,0.41,passed,False,none
LA02031,none,,True,2.0,passed,False,none
LA02032,procedural,representatives of the Scheduled Tribe community;local shopkeepers and traders,False,1.01,deferred,False,none
LA02033,procedural,agricultural labourers;representatives of the Scheduled Tribe community,True,0.87,deferred,False,none
LA02034,fundamental,tenant cultivators;agricultural labourers;representatives of the Scheduled Tribe community,False,0.69,passed,False,grazing commons
LA02035,none,,True,0.76,passed,False,burial ground
LA02036,procedural,the local women's self-help group;representatives of the Scheduled Tribe community;landowning farmers,True,0.57,passed,False,none
LA02037,procedural,agricultural labourers;tenant cultivators,False,0.31,rejected,True,grazing commons
LA02038,procedural,landowning farmers;local shopkeepers and traders,False,0.8,passed,False,none
LA02039,fundamental,tenant cultivators;elected Panchayat members;landowning farmers,False,0.94,deferred,False,none
LA02040,none,,True,0.2,passed,False,none
LA02041,none,,False,0.81,passed,False,irrigation source
LA02042,fundamental,tenant cultivators,False,0.52,deferred,False,none
LA02043,none,,True,0.39,passed,False,none
LA02044,none,,False,0.89,passed,True,none
LA02045,procedural,agricultural labourers,False,0.5,deferred,False,irrigation source
LA02046,fundamental,representatives of the Scheduled Tribe community;elected Panchayat members,False,0.05,rejected,True,none
LA02047,none,,False,0.42,passed,False,community water tank
LA02048,fundamental,agricultural labourers;local shopkeepers and traders,True,0.79,rejected,False,grazing commons
LA02049,none,,False,0.29,passed,False,none
LA02050,fundamental,agricultural labourers;the local women's self-help group;landowning farmers,False,0.67,rejected,True,none
LA02051,procedural,tenant cultivators,False,1.1,passed,False,none
LA02052,none,,False,0.2,passed,True,none
LA02053,none,,False,0.1,passed,False,irrigation source
LA02054,none,,True,0.05,passed,False,grazing commons
LA02055,procedural,landowning farmers;representatives of the Scheduled Tribe community;local shopkeepers and traders,False,0.63,deferred,False,none
LA02056,none,,False,1.0,passed,False,none
LA02057,procedural,landowning farmers,True,0.55,deferred,True,none
LA02058,none,,False,0.5,passed,True,sacred grove
LA02059,none,,False,0.05,passed,False,community water tank
LA02060,procedural,tenant cultivators,True,0.36,deferred,False,community water tank
LA02061,none,,False,1.0,passed,False,none
LA02062,none,,True,0.38,passed,False,community water tank
LA02063,procedural,elected Panchayat members;the local women's self-help group;local shopkeepers and traders,False,0.89,passed,False,none
LA02064,none,,True,0.56,passed,True,none
LA02065,none,,False,0.4,passed,False,none
LA02066,procedural,representatives of the Scheduled Tribe community;the local women's self-help group;local shopkeepers and traders,True,0.39,deferred,False,none
LA02067,procedural,elected Panchayat members;tenant cultivators;local shopkeepers and traders,True,0.44,passed,False,grazing commons
LA02068,none,,False,0.29,deferred,False,community water tank
LA02069,fundamental,representatives of the Scheduled Tribe community,False,0.15,passed,True,none
LA02070,procedural,agricultural labourers;landowning farmers;tenant cultivators,False,0.71,deferred,False,none
LA02071,fundamental,elected Panchayat members,False,0.34,passed,True,none
LA02072,fundamental,local shopkeepers and traders,False,0.67,deferred,True,none
LA02073,none,,False,0.51,passed,False,burial ground
LA02074,procedural,representatives of the Scheduled Tribe community;local shopkeepers and traders;landowning farmers,False,0.5,rejected,False,none
LA02075,fundamental,landowning farmers;local shopkeepers and traders;agricultural labourers,False,1.06,deferred,False,none
LA02076,none,,False,0.49,passed,False,none
LA02077,none,,False,0.44,passed,True,none
LA02078,none,,True,0.22,passed,False,none
LA02079,fundamental,elected Panchayat members;tenant cultivators,False,0.19,passed,False,none
LA02080,procedural,landowning farmers;tenant cultivators,False,0.45,deferred,True,community water tank
LA02081,procedural,agricultural labourers;representatives of the Scheduled Tribe community,False,0.78,passed,False,none
LA02082,procedural,agricultural labourers;tenant cultivators;landowning farmers,False,1.1,rejected,True,grazing commons
LA02083,none,,False,0.35,passed,False,community water tank
LA02084,procedural,elected Panchayat members,False,1.11,rejected,False,none
LA02085,procedural,landowning farmers;agricultural labourers,True,0.72,passed,False,grazing commons
LA02086,none,,False,0.56,passed,True,none
LA02087,none,,False,0.9,deferred,True,community water tank
LA02088,none,,False,0.05,passed,True,none
LA02089,procedural,local shopkeepers and traders;elected Panchayat members,True,0.29,passed,True,none
LA02090,none,,False,0.58,passed,True,none
LA02091,fundamental,landowning farmers;tenant cultivators,False,0.67,rejected,False,irrigation source
LA02092,none,,True,0.77,passed,False,none
LA02093,fundamental,representatives of the Scheduled Tribe community;the local women's self-help group,True,0.45,passed,True,none
LA02094,none,,False,0.23,passed,False,none
LA02095,none,,False,0.75,deferred,True,sacred grove
LA02096,none,,False,0.27,passed,False,none
LA02097,procedural,tenant cultivators,False,1.11,deferred,False,none
LA02098,procedural,elected Panchayat members,False,0.8,passed,False,community water tank
LA02099,procedural,representatives of the Scheduled Tribe community;elected Panchayat members;agricultural labourers,False,0.2,passed,False,none
LA02100,none,,True,0.62,deferred,False,irrigation source
LA02101,none,,False,0.88,passed,True,none
LA02102,fundamental,landowning farmers;agricultural labourers,False,0.8,passed,False,grazing commons
LA02103,none,,False,0.28,passed,False,none
LA02104,none,,True,0.29,deferred,True,burial ground
LA02105,none,,False,0.81,passed,True,none
LA02106,fundamental,agricultural labourers;landowning farmers;elected Panchayat members,False,0.69,rejected,False,none
LA02107,procedural,the local women's self-help group;tenant cultivators,False,0.56,deferred,True,none
LA02108,none,,False,1.0,passed,False,community water tank
LA02109,none,,False,0.77,passed,False,none
LA02110,procedural,tenant cultivators;local shopkeepers and traders,False,0.58,deferred,False,community water tank
LA02111,fundamental,landowning farmers;tenant cultivators,False,0.53,deferred,True,none
LA02112,procedural,the local women's self-help group;elected Panchayat members,False,0.25,deferred,False,none
LA02113,procedural,tenant cultivators,False,0.75,passed,False,irrigation source
LA02114,procedural,elected Panchayat members,False,0.79,deferred,False,community water tank
LA02115,none,,False,0.8,passed,False,none
LA02116,none,,False,0.63,passed,True,none
LA02117,none,,False,0.62,passed,False,none
LA02118,none,,False,0.8,deferred,False,none
LA02119,fundamental,agricultural labourers;elected Panchayat members;tenant cultivators,True,0.33,passed,True,irrigation source
LA02120,none,,False,1.08,passed,False,irrigation source
LA02121,none,,True,0.75,passed,False,grazing commons
LA02122,fundamental,the local women's self-help group;agricultural labourers;local shopkeepers and traders,False,0.22,rejected,True,none
LA02123,none,,False,0.71,passed,False,none
LA02124,none,,False,0.87,passed,False,none
LA02125,none,,False,0.47,passed,False,irrigation source
LA02126,fundamental,the local women's self-help group;landowning farmers,False,0.5,deferred,True,none
LA02127,none,,False,0.34,passed,False,none
LA02128,fundamental,elected Panchayat members;the local women's self-help group,False,0.88,rejected,True,none
LA02129,none,,True,0.6,rejected,False,none
LA02130,none,,False,0.92,rejected,False,none
LA02131,procedural,landowning farmers;tenant cultivators;agricultural labourers,False,0.6,passed,False,irrigation source
LA02132,fundamental,agricultural labourers,False,0.46,rejected,True,burial ground
LA02133,none,,False,0.87,passed,False,none
LA02134,fundamental,agricultural labourers;the local women's self-help group,False,0.88,rejected,False,burial ground
LA02135,none,,False,0.35,passed,False,none
LA02136,none,,False,0.62,passed,False,none
LA02137,procedural,the local women's self-help group;agricultural labourers,False,0.64,deferred,False,none
LA02138,none,,False,1.33,deferred,True,grazing commons
LA02139,procedural,landowning farmers;tenant cultivators;agricultural labourers,False,0.53,passed,False,irrigation source
LA02140,fundamental,local shopkeepers and traders,False,0.94,deferred,True,none
LA02141,fundamental,the local women's self-help group;landowning farmers,True,0.68,deferred,True,none
LA02142,fundamental,local shopkeepers and traders,False,0.14,passed,True,grazing commons
LA02143,procedural,landowning farmers;tenant cultivators,False,0.69,deferred,False,none
LA02144,none,,True,0.94,passed,False,irrigation source
LA02145,procedural,landowning farmers,True,1.27,deferred,False,none
LA02146,fundamental,the local women's self-help group;representatives of the Scheduled Tribe community;landowning farmers,False,1.14,deferred,True,none
LA02147,none,,False,1.33,deferred,False,none
LA02148,fundamental,landowning farmers;elected Panchayat members,False,1.33,deferred,False,none
LA02149,fundamental,agricultural labourers;tenant cultivators;representatives of the Scheduled Tribe community,False,0.78,rejected,True,none
LA02150,none,,False,0.58,passed,False,irrigation source
LA02151,procedural,landowning farmers,False,0.37,passed,False,none
LA02152,none,,False,1.0,passed,False,none
LA02153,procedural,landowning farmers,False,0.77,deferred,False,community water tank
LA02154,none,,True,0.5,passed,False,none
LA02155,procedural,local shopkeepers and traders;tenant cultivators,False,0.83,passed,False,irrigation source
LA02156,none,,False,0.16,passed,False,none
LA02157,fundamental,tenant cultivators,False,0.82,passed,True,sacred grove
LA02158,none,,False,0.36,deferred,False,none
LA02159,none,,False,0.36,passed,False,none
LA02160,none,,False,0.22,passed,False,none
LA02161,none,,True,0.27,passed,True,none
LA02162,none,,False,0.47,passed,False,none
LA02163,fundamental,representatives of the Scheduled Tribe community;landowning farmers;the local women's self-help group,True,0.9,deferred,True,none
LA02164,procedural,landowning farmers;representatives of the Scheduled Tribe community,False,0.41,deferred,False,irrigation source
LA02165,none,,False,0.21,passed,False,none
LA02166,fundamental,local shopkeepers and traders;the local women's self-help group;landowning farmers,False,0.26,deferred,False,none
LA02167,none,,False,0.67,passed,False,none
LA02168,none,,True,0.3,passed,False,none
LA02169,procedural,representatives of the Scheduled Tribe community,False,0.71,deferred,True,sacred grove
LA02170,fundamental,elected Panchayat members;tenant cultivators;local shopkeepers and traders,True,0.37,deferred,False,none
LA02171,none,,False,0.37,deferred,False,community water tank
LA02172,fundamental,landowning farmers;elected Panchayat members,False,0.51,passed,False,none
LA02173,procedural,local shopkeepers and traders,False,0.41,deferred,True,community water tank
LA02174,fundamental,agricultural labourers,True,0.66,passed,True,none
LA02175,none,,True,1.41,passed,False,none
LA02176,none,,False,0.38,passed,False,irrigation source
LA02177,none,,False,0.83,rejected,True,community water tank
LA02178,procedural,representatives of the Scheduled Tribe community;landowning farmers;elected Panchayat members,False,1.6,passed,True,grazing commons
LA02179,none,,False,4.0,passed,False,none
LA02180,procedural,tenant cultivators;agricultural labourers;the local women's self-help group,True,0.53,passed,True,none
LA02181,none,,False,0.38,passed,False,none
LA02182,none,,True,0.54,passed,False,none
LA02183,fundamental,elected Panchayat members,False,0.17,passed,False,none
LA02184,fundamental,agricultural labourers,False,0.8,deferred,True,none
LA02185,fundamental,elected Panchayat members,False,0.69,rejected,True,none
LA02186,fundamental,agricultural labourers;the local women's self-help group,False,0.29,rejected,True,community water tank
LA02187,procedural,landowning farmers;agricultural labourers;the local women's self-help group,False,0.54,passed,False,irrigation source
LA02188,none,,False,1.34,deferred,False,none
LA02189,none,,True,8.0,passed,False,none
LA02190,none,,False,0.85,passed,False,none
LA02191,procedural,tenant cultivators;landowning farmers,True,1.33,passed,False,none
LA02192,procedural,elected Panchayat members;landowning farmers;agricultural labourers,True,2.67,deferred,False,none
LA02193,procedural,landowning farmers;representatives of the Scheduled Tribe community;the local women's self-help group,False,0.15,deferred,False,none
LA02194,fundamental,landowning farmers,False,0.71,deferred,False,none
LA02195,none,,True,0.34,passed,False,community water tank
LA02196,none,,False,0.39,rejected,False,grazing commons
LA02197,none,,False,0.41,deferred,False,none
LA02198,none,,False,0.53,passed,True,none
LA02199,none,,False,0.88,passed,False,community water tank
LA02200,fundamental,the local women's self-help group;representatives of the Scheduled Tribe community,False,0.96,rejected,True,none
LA02201,procedural,representatives of the Scheduled Tribe community;local shopkeepers and traders,False,0.37,rejected,False,grazing commons
LA02202,fundamental,tenant cultivators;local shopkeepers and traders;agricultural labourers,False,0.45,rejected,True,none
LA02203,procedural,elected Panchayat members,False,0.33,passed,True,sacred grove
LA02204,procedural,landowning farmers;tenant cultivators,False,0.89,passed,False,none
LA02205,procedural,agricultural labourers;tenant cultivators;landowning farmers,False,0.21,passed,False,none
LA02206,fundamental,tenant cultivators;elected Panchayat members,True,0.45,rejected,False,irrigation source
LA02207,none,,False,0.81,passed,False,irrigation source
LA02208,none,,False,0.53,passed,False,none
LA02209,none,,False,0.19,deferred,False,none
LA02210,procedural,representatives of the Scheduled Tribe community;tenant cultivators;landowning farmers,False,2.67,deferred,False,irrigation source
LA02211,none,,False,0.93,passed,False,none
LA02212,fundamental,representatives of the Scheduled Tribe community,True,0.56,passed,True,none
LA02213,none,,False,0.66,passed,False,none
LA02214,fundamental,the local women's self-help group;agricultural labourers,False,0.41,deferred,True,none
LA02215,fundamental,tenant cultivators;representatives of the Scheduled Tribe community;agricultural labourers,False,1.11,deferred,True,none
LA02216,fundamental,elected Panchayat members;the local women's self-help group,False,0.94,deferred,False,none
LA02217,procedural,elected Panchayat members;landowning farmers,False,0.32,passed,False,none
LA02218,none,,True,0.05,passed,False,none
LA02219,fundamental,the local women's self-help group;agricultural labourers,False,1.6,deferred,False,community water tank
LA02220,none,,True,0.48,deferred,False,irrigation source
LA02221,procedural,landowning farmers,True,0.8,rejected,False,irrigation source
LA02222,none,,False,0.52,passed,False,none
LA02223,none,,False,0.69,passed,False,none
LA02224,none,,False,0.68,passed,False,none
LA02225,none,,False,0.36,passed,False,none
LA02226,none,,False,0.39,passed,False,none
LA02227,none,,True,0.56,passed,True,none
LA02228,procedural,agricultural labourers;tenant cultivators;elected Panchayat members,True,0.27,passed,False,none
LA02229,procedural,elected Panchayat members;tenant cultivators;the local women's self-help group,False,0.05,passed,False,none
LA02230,none,,False,0.69,passed,False,none
LA02231,procedural,agricultural labourers,True,0.56,passed,False,none
LA02232,procedural,tenant cultivators;landowning farmers;the local women's self-help group,False,0.35,deferred,False,none
LA02233,procedural,landowning farmers,True,0.41,deferred,False,grazing commons
LA02234,fundamental,agricultural labourers;tenant cultivators;the local women's self-help group,False,0.13,rejected,True,burial ground
LA02235,none,,False,0.52,deferred,False,none
LA02236,procedural,tenant cultivators;agricultural labourers,False,0.44,deferred,True,none
LA02237,none,,False,0.76,passed,False,community water tank
LA02238,none,,False,1.0,rejected,True,none
LA02239,none,,False,0.26,deferred,False,none
LA02240,none,,False,0.49,passed,False,none
LA02241,procedural,local shopkeepers and traders;landowning farmers;tenant cultivators,False,0.48,passed,False,grazing commons
LA02242,fundamental,elected Panchayat members;agricultural labourers,False,0.4,passed,True,none
LA02243,none,,False,0.57,passed,False,none
LA02244,none,,False,0.85,passed,False,none
LA02245,none,,False,0.25,passed,True,none
LA02246,procedural,landowning farmers;representatives of the Scheduled Tribe community;tenant cultivators,False,0.4,passed,False,irrigation source
LA02247,none,,False,0.5,passed,False,none
LA02248,none,,False,0.82,passed,False,grazing commons
LA02249,fundamental,landowning farmers;agricultural labourers;tenant cultivators,False,0.62,deferred,False,irrigation source
LA02250,procedural,landowning farmers;representatives of the Scheduled Tribe community,False,0.89,deferred,False,none
LA02251,none,,False,8.0,passed,False,none
LA02252,none,,False,1.33,passed,False,irrigation source
LA02253,none,,True,0.6,passed,False,none
LA02254,procedural,representatives of the Scheduled Tribe community;local shopkeepers and traders,True,0.76,passed,False,none
LA02255,procedural,landowning farmers,False,2.67,passed,False,none
LA02256,fundamental,local shopkeepers and traders,False,1.14,rejected,False,none
LA02257,fundamental,landowning farmers;local shopkeepers and traders,False,0.4,rejected,True,sacred grove
LA02258,procedural,landowning farmers;tenant cultivators,False,0.58,deferred,False,none
LA02259,fundamental,agricultural labourers,False,0.88,rejected,True,none
LA02260,none,,False,0.68,passed,False,none
LA02261,fundamental,landowning farmers;tenant cultivators;agricultural labourers,False,0.82,passed,False,none
LA02262,none,,True,0.65,passed,False,community water tank
LA02263,none,,False,0.49,passed,False,none
LA02264,none,,False,1.0,passed,True,grazing commons
LA02265,none,,True,0.31,passed,False,none
LA02266,none,,False,0.8,passed,False,none
LA02267,fundamental,landowning farmers;tenant cultivators;representatives of the Scheduled Tribe community,False,0.65,deferred,False,none
LA02268,fundamental,landowning farmers;representatives of the Scheduled Tribe community;elected Panchayat members,False,0.62,rejected,True,none
LA02269,fundamental,tenant cultivators;representatives of the Scheduled Tribe community;agricultural labourers,False,0.59,deferred,True,none
LA02270,none,,False,0.11,deferred,False,none
LA02271,none,,False,0.38,passed,False,irrigation source
LA02272,none,,False,0.67,deferred,False,irrigation source
LA02273,fundamental,landowning farmers;representatives of the Scheduled Tribe community,False,0.38,rejected,False,none
LA02274,none,,True,0.26,rejected,False,none
LA02275,none,,True,0.77,passed,False,none
LA02276,none,,True,0.62,passed,False,none
LA02277,procedural,agricultural labourers;elected Panchayat members,False,0.59,passed,False,none
LA02278,fundamental,local shopkeepers and traders;representatives of the Scheduled Tribe community,True,0.29,rejected,True,irrigation source
LA02279,none,,False,0.33,deferred,False,none
LA02280,none,,False,1.01,passed,False,irrigation source
LA02281,none,,False,0.66,passed,False,none
LA02282,none,,False,0.26,passed,False,community water tank
LA02283,none,,False,0.77,passed,False,community water tank
LA02284,fundamental,tenant cultivators;elected Panchayat members;landowning farmers,False,0.55,rejected,False,none
LA02285,fundamental,landowning farmers;tenant cultivators;representatives of the Scheduled Tribe community,False,0.57,rejected,True,none
LA02286,fundamental,landowning farmers;elected Panchayat members,False,0.31,deferred,False,none
LA02287,none,,False,0.86,deferred,False,none
LA02288,none,,False,0.77,passed,False,irrigation source
LA02289,procedural,agricultural labourers,False,0.67,deferred,False,none
LA02290,procedural,landowning farmers;representatives of the Scheduled Tribe community,False,0.64,deferred,False,none
LA02291,none,,False,0.53,passed,True,none
LA02292,procedural,landowning farmers,False,0.79,deferred,False,none
LA02293,none,,False,0.43,passed,False,community water tank
LA02294,procedural,representatives of the Scheduled Tribe community;landowning farmers,False,0.56,deferred,False,none
LA02295,fundamental,landowning farmers;representatives of the Scheduled Tribe community;agricultural labourers,False,0.69,deferred,True,none
LA02296,none,,False,0.89,passed,False,none
LA02297,none,,False,0.77,passed,False,none
LA02298,fundamental,agricultural labourers;landowning farmers,False,0.25,rejected,False,none
LA02299,fundamental,agricultural labourers;representatives of the Scheduled Tribe community,False,0.2,rejected,False,none
LA02300,none,,False,0.38,passed,True,none
LA02301,none,,True,0.49,passed,True,none
LA02302,none,,False,1.14,deferred,False,grazing commons
LA02303,fundamental,the local women's self-help group,False,0.74,rejected,True,grazing commons
LA02304,procedural,landowning farmers;tenant cultivators;agricultural labourers,True,1.01,passed,False,irrigation source
LA02305,procedural,representatives of the Scheduled Tribe community,False,0.8,passed,False,none
LA02306,procedural,the local women's self-help group;tenant cultivators;agricultural labourers,False,0.6,passed,False,none
LA02307,procedural,tenant cultivators;representatives of the Scheduled Tribe community;elected Panchayat members,True,1.14,passed,True,none
LA02308,none,,False,0.46,passed,False,sacred grove
LA02309,procedural,landowning farmers;tenant cultivators,True,0.56,deferred,True,irrigation source
LA02310,none,,False,0.76,passed,False,grazing commons
LA02311,procedural,the local women's self-help group;elected Panchayat members;agricultural labourers,True,1.0,deferred,False,none
LA02312,procedural,tenant cultivators,False,0.19,passed,False,none
LA02313,none,,True,0.05,deferred,False,none
LA02314,fundamental,representatives of the Scheduled Tribe community;agricultural labourers;the local women's self-help group,False,0.66,deferred,True,none
LA02315,none,,False,0.64,deferred,False,none
LA02316,none,,False,0.92,passed,True,none
LA02317,none,,True,0.64,passed,False,none
LA02318,procedural,the local women's self-help group;landowning farmers;tenant cultivators,False,0.05,passed,False,none
LA02319,none,,False,0.77,deferred,False,none
LA02320,procedural,the local women's self-help group,False,0.61,rejected,False,none
LA02321,procedural,representatives of the Scheduled Tribe community;the local women's self-help group,False,0.51,passed,False,none
LA02322,none,,True,0.55,passed,False,community water tank
LA02323,none,,True,0.89,passed,True,none
LA02324,procedural,elected Panchayat members,False,0.33,deferred,False,grazing commons
LA02325,procedural,tenant cultivators;representatives of the Scheduled Tribe community,False,0.92,rejected,False,none
LA02326,fundamental,landowning farmers,False,1.6,passed,False,none
LA02327,none,,False,0.83,passed,False,none
LA02328,procedural,landowning farmers,False,0.69,rejected,False,none
LA02329,fundamental,local shopkeepers and traders,False,0.37,rejected,False,grazing commons
LA02330,none,,False,2.67,deferred,False,community water tank
LA02331,procedural,tenant cultivators;local shopkeepers and traders,False,0.66,rejected,False,none
LA02332,none,,False,0.79,passed,False,none
LA02333,none,,False,0.63,passed,False,none
LA02334,procedural,representatives of the Scheduled Tribe community,True,0.85,deferred,False,none
LA02335,procedural,the local women's self-help group;elected Panchayat members,False,0.21,deferred,False,community water tank
LA02336,procedural,representatives of the Scheduled Tribe community;agricultural labourers;landowning farmers,False,0.38,passed,True,community water tank
LA02337,fundamental,agricultural labourers,False,4.0,deferred,True,none
LA02338,procedural,agricultural labourers;tenant cultivators;landowning farmers,True,0.17,rejected,True,none
LA02339,none,,False,0.55,passed,False,none
LA02340,procedural,representatives of the Scheduled Tribe community,False,0.64,deferred,False,none
LA02341,procedural,the local women's self-help group,False,1.34,rejected,False,none
LA02342,none,,False,0.64,passed,False,none
LA02343,none,,False,0.75,deferred,False,none
LA02344,fundamental,agricultural labourers;tenant cultivators;representatives of the Scheduled Tribe community,True,0.84,deferred,True,none
LA02345,none,,False,0.61,passed,True,none
LA02346,procedural,local shopkeepers and traders;landowning farmers;tenant cultivators,False,0.41,deferred,False,grazing commons
LA02347,none,,False,1.01,passed,False,none
LA02348,fundamental,representatives of the Scheduled Tribe community;agricultural labourers;landowning farmers,False,0.09,deferred,True,none
LA02349,fundamental,tenant cultivators;agricultural labourers;landowning farmers,True,0.48,rejected,False,grazing commons
LA02350,none,,False,0.53,passed,False,sacred grove
LA02351,procedural,representatives of the Scheduled Tribe community;landowning farmers;tenant cultivators,False,0.28,passed,False,none
LA02352,none,,False,0.57,passed,False,none
LA02353,none,,False,0.71,passed,False,none
LA02354,none,,False,0.2,passed,False,none
LA02355,none,,False,0.68,passed,False,none
LA02356,procedural,representatives of the Scheduled Tribe community,False,0.32,passed,False,none
LA02357,none,,False,0.67,passed,False,none
LA02358,procedural,landowning farmers,False,0.45,passed,False,none
LA02359,none,,False,0.87,passed,False,none
LA02360,fundamental,local shopkeepers and traders;elected Panchayat members;tenant cultivators,True,0.35,passed,False,none
LA02361,fundamental,landowning farmers;tenant cultivators;representatives of the Scheduled Tribe community,False,0.72,rejected,True,none
LA02362,none,,True,0.47,rejected,True,none
LA02363,procedural,elected Panchayat members;landowning farmers,False,0.42,passed,True,grazing commons
LA02364,none,,True,1.0,passed,True,none
LA02365,fundamental,landowning farmers;agricultural labourers,False,0.53,rejected,False,none
LA02366,none,,False,0.33,passed,False,none
LA02367,procedural,tenant cultivators,False,0.9,passed,False,community water tank
LA02368,none,,False,0.78,deferred,False,irrigation source
LA02369,none,,False,4.0,passed,False,none
LA02370,fundamental,representatives of the Scheduled Tribe community,False,0.5,passed,True,none
LA02371,fundamental,landowning farmers;representatives of the Scheduled Tribe community;agricultural labourers,False,0.93,passed,True,burial ground
LA02372,fundamental,landowning farmers;tenant cultivators;the local women's self-help group,False,4.0,passed,True,none
LA02373,fundamental,tenant cultivators;agricultural labourers,False,1.05,rejected,True,none
LA02374,none,,True,0.42,passed,False,grazing commons
LA02375,none,,False,0.72,passed,False,none
LA02376,fundamental,tenant cultivators;landowning farmers;agricultural labourers,True,0.48,passed,False,none
LA02377,fundamental,tenant cultivators;landowning farmers;agricultural labourers,False,0.76,passed,True,none
LA02378,none,,False,1.38,passed,False,none
LA02379,none,,False,0.5,passed,False,none
LA02380,procedural,landowning farmers;local shopkeepers and traders;elected Panchayat members,False,0.67,passed,False,none
LA02381,fundamental,elected Panchayat members;landowning farmers,False,0.27,rejected,False,none
LA02382,procedural,landowning farmers,False,0.52,deferred,False,none
LA02383,none,,False,0.79,passed,False,none
LA02384,none,,False,0.07,passed,False,irrigation source
LA02385,none,,True,0.45,passed,False,none
LA02386,none,,False,0.05,passed,False,community water tank
LA02387,none,,False,0.72,passed,False,none
LA02388,fundamental,representatives of the Scheduled Tribe community,False,0.92,deferred,False,none
LA02389,fundamental,tenant cultivators;landowning farmers;local shopkeepers and traders,False,0.51,deferred,False,sacred grove
LA02390,procedural,landowning farmers;the local women's self-help group;tenant cultivators,False,0.67,passed,False,irrigation source
LA02391,procedural,landowning farmers,False,0.24,passed,False,irrigation source
LA02392,none,,False,0.97,passed,False,community water tank
LA02393,procedural,agricultural labourers;landowning farmers;elected Panchayat members,False,0.27,passed,False,none
LA02394,none,,False,0.99,passed,False,none
LA02395,procedural,elected Panchayat members;the local women's self-help group,False,0.25,passed,True,none
LA02396,none,,True,0.85,passed,False,none
LA02397,fundamental,tenant cultivators;the local women's self-help group;local shopkeepers and traders,False,0.52,rejected,True,none
LA02398,procedural,tenant cultivators,False,0.69,rejected,False,none
LA02399,fundamental,agricultural labourers;landowning farmers,False,0.55,rejected,False,grazing commons
LA02400,fundamental,elected Panchayat members;landowning farmers,True,0.93,deferred,True,none
LA02401,procedural,landowning farmers,False,0.64,passed,False,grazing commons
LA02402,procedural,tenant cultivators,False,0.43,rejected,False,none
LA02403,none,,False,0.11,passed,False,none
LA02404,none,,False,0.46,passed,False,none
LA02405,fundamental,elected Panchayat members;agricultural labourers,False,0.32,passed,False,grazing commons
LA02406,none,,False,0.92,deferred,False,community water tank
LA02407,none,,False,0.45,passed,True,irrigation source
LA02408,procedural,the local women's self-help group;agricultural labourers;representatives of the Scheduled Tribe community,True,0.67,passed,False,none
LA02409,fundamental,the local women's self-help group;tenant cultivators,False,0.46,rejected,False,none
LA02410,none,,False,0.61,passed,True,none
LA02411,fundamental,agricultural labourers;landowning farmers,False,0.28,rejected,True,sacred grove
LA02412,none,,False,0.77,passed,True,community water tank
LA02413,none,,False,0.8,passed,False,none
LA02414,none,,False,0.66,passed,True,none
LA02415,fundamental,representatives of the Scheduled Tribe community;tenant cultivators;the local women's self-help group,False,0.28,passed,False,none
LA02416,none,,False,8.0,passed,False,none
LA02417,fundamental,elected Panchayat members,True,0.34,rejected,False,none
LA02418,fundamental,tenant cultivators;agricultural labourers,False,0.63,rejected,True,none
LA02419,none,,False,0.67,deferred,False,sacred grove
LA02420,none,,False,0.37,passed,False,none
LA02421,procedural,agricultural labourers,False,0.47,deferred,False,none
LA02422,fundamental,landowning farmers;tenant cultivators,False,0.4,deferred,True,none
LA02423,procedural,tenant cultivators;the local women's self-help group;landowning farmers,True,0.86,passed,True,none
LA02424,none,,True,0.16,passed,False,community water tank
LA02425,procedural,elected Panchayat members,False,0.28,passed,False,none
LA02426,none,,False,0.71,passed,False,none
LA02427,procedural,landowning farmers;agricultural labourers,False,0.42,passed,False,none
LA02428,fundamental,tenant cultivators;agricultural labourers;landowning farmers,False,0.73,deferred,True,none
LA02429,fundamental,the local women's self-help group,True,0.67,deferred,False,none
LA02430,none,,False,1.14,passed,False,none
LA02431,fundamental,elected Panchayat members,False,0.33,rejected,False,none
LA02432,procedural,the local women's self-help group;elected Panchayat members;agricultural labourers,False,0.55,deferred,True,none
LA02433,none,,False,0.3,passed,False,none
LA02434,none,,False,0.34,passed,False,grazing commons
LA02435,fundamental,landowning farmers,False,0.57,passed,False,none
LA02436,fundamental,local shopkeepers and traders;elected Panchayat members,False,0.61,deferred,True,none
LA02437,none,,False,1.33,passed,False,burial ground
LA02438,none,,False,0.05,passed,False,none
LA02439,fundamental,landowning farmers,False,0.91,rejected,True,none
LA02440,fundamental,elected Panchayat members;landowning farmers;agricultural labourers,False,0.83,deferred,False,grazing commons
LA02441,none,,False,0.97,passed,False,none
LA02442,none,,False,0.71,passed,False,burial ground
LA02443,none,,False,1.33,passed,False,none
LA02444,none,,False,0.8,passed,False,none
LA02445,procedural,elected Panchayat members,False,0.57,deferred,False,none
LA02446,none,,False,0.62,passed,False,none
LA02447,procedural,representatives of the Scheduled Tribe community;elected Panchayat members,False,1.36,deferred,False,irrigation source
LA02448,procedural,agricultural labourers;landowning farmers;the local women's self-help group,False,0.86,rejected,False,irrigation source
LA02449,none,,False,0.35,deferred,False,community water tank
LA02450,none,,False,0.57,passed,False,none
LA02451,procedural,representatives of the Scheduled Tribe community;local shopkeepers and traders,True,0.56,rejected,False,none
LA02452,procedural,elected Panchayat members;agricultural labourers;landowning farmers,False,1.33,rejected,False,community water tank
LA02453,procedural,landowning farmers;tenant cultivators,True,0.05,passed,False,none
LA02454,none,,False,0.73,passed,False,community water tank
LA02455,none,,False,0.3,passed,False,none
LA02456,procedural,representatives of the Scheduled Tribe community,False,1.08,passed,False,burial ground
LA02457,none,,False,0.39,deferred,False,burial ground
LA02458,none,,False,0.8,passed,False,none
LA02459,procedural,landowning farmers;elected Panchayat members;the local women's self-help group,False,1.03,passed,False,none
LA02460,none,,False,0.81,passed,False,none
LA02461,procedural,landowning farmers;agricultural labourers,False,0.66,rejected,False,irrigation source
LA02462,procedural,landowning farmers;agricultural labourers;local shopkeepers and traders,False,0.31,deferred,True,none
LA02463,none,,False,0.34,deferred,False,none
LA02464,none,,False,0.89,passed,False,none
LA02465,none,,True,0.55,passed,False,none
LA02466,procedural,tenant cultivators,False,0.81,rejected,False,none
LA02467,none,,True,0.63,passed,False,sacred grove
LA02468,none,,False,0.53,passed,True,none
LA02469,none,,False,0.46,passed,False,irrigation source
LA02470,none,,False,0.43,passed,False,none
LA02471,none,,False,0.93,passed,False,community water tank
LA02472,none,,True,0.52,passed,False,none
LA02473,none,,False,0.85,passed,False,irrigation source
LA02474,fundamental,landowning farmers,False,0.5,passed,False,burial ground
LA02475,procedural,elected Panchayat members,False,0.17,passed,False,none
LA02476,none,,True,0.75,passed,True,none
LA02477,procedural,landowning farmers;representatives of the Scheduled Tribe community,False,0.86,rejected,False,none
LA02478,none,,False,0.45,passed,False,sacred grove
LA02479,procedural,landowning farmers;elected Panchayat members;agricultural labourers,True,0.17,passed,False,none
LA02480,none,,False,0.28,passed,False,none
LA02481,none,,False,0.67,passed,False,irrigation source
LA02482,procedural,agricultural labourers;landowning farmers;representatives of the Scheduled Tribe community,False,0.66,deferred,False,none
LA02483,none,,False,0.64,passed,True,none
LA02484,procedural,landowning farmers;elected Panchayat members,False,0.89,passed,False,grazing commons
LA02485,none,,False,0.72,deferred,False,none
LA02486,none,,False,0.59,passed,True,none
LA02487,none,,False,0.81,passed,False,none
LA02488,none,,False,0.73,passed,False,none
LA02489,none,,True,0.67,passed,False,community water tank
LA02490,fundamental,representatives of the Scheduled Tribe community,False,0.35,rejected,True,none
LA02491,none,,False,0.52,passed,False,irrigation source
LA02492,fundamental,agricultural labourers;representatives of the Scheduled Tribe community,False,0.35,rejected,False,sacred grove
LA02493,procedural,the local women's self-help group;elected Panchayat members;local shopkeepers and traders,False,0.58,deferred,False,none
LA02494,none,,False,0.52,deferred,False,none
LA02495,none,,False,0.32,deferred,False,none
LA02496,none,,True,0.9,passed,False,community water tank
LA02497,none,,False,0.29,deferred,False,grazing commons
LA02498,none,,False,0.67,passed,True,none
LA02499,procedural,local shopkeepers and traders,False,0.8,deferred,False,none
LA02500,procedural,tenant cultivators;agricultural labourers,False,1.13,deferred,False,none
LA02501,fundamental,tenant cultivators,True,0.62,deferred,True,none
LA02502,fundamental,tenant cultivators,False,0.33,rejected,True,none
LA02503,procedural,landowning farmers;representatives of the Scheduled Tribe community;agricultural labourers,True,0.73,passed,False,none
LA02504,fundamental,tenant cultivators;agricultural labourers;landowning farmers,False,0.07,passed,True,grazing commons
LA02505,none,,False,0.51,passed,False,none
LA02506,none,,False,0.96,passed,False,none
LA02507,procedural,agricultural labourers;representatives of the Scheduled Tribe community,False,0.07,passed,False,none
LA02508,none,,False,0.39,passed,False,irrigation source
LA02509,none,,False,0.88,deferred,False,none
LA02510,procedural,the local women's self-help group;landowning farmers;local shopkeepers and traders,False,0.26,passed,False,grazing commons
LA02511,none,,False,0.96,passed,False,none
LA02512,none,,True,1.06,deferred,False,community water tank
LA02513,fundamental,the local women's self-help group;landowning farmers;representatives of the Scheduled Tribe community,False,0.67,rejected,False,none
LA02514,procedural,local shopkeepers and traders,False,0.2,passed,False,none
LA02515,none,,False,0.48,deferred,False,none
LA02516,none,,False,0.42,passed,False,community water tank
LA02517,none,,True,0.67,passed,False,community water tank
LA02518,fundamental,elected Panchayat members,False,0.14,rejected,True,none
LA02519,none,,False,1.14,passed,False,irrigation source
LA02520,none,,False,0.51,passed,True,none
LA02521,fundamental,tenant cultivators;the local women's self-help group;elected Panchayat members,False,1.06,rejected,True,none
LA02522,none,,False,0.58,passed,False,none
LA02523,fundamental,agricultural labourers;the local women's self-help group,False,0.95,rejected,False,none
LA02524,none,,False,0.23,passed,False,none
LA02525,none,,False,0.38,passed,False,none
LA02526,procedural,the local women's self-help group;tenant cultivators;elected Panchayat members,False,0.52,deferred,False,none
LA02527,none,,False,0.27,passed,False,none
LA02528,none,,False,0.96,passed,False,none
LA02529,none,,False,0.44,deferred,False,none
LA02530,procedural,representatives of the Scheduled Tribe community,False,0.38,passed,False,none
LA02531,fundamental,representatives of the Scheduled Tribe community;tenant cultivators,False,0.65,rejected,False,none
LA02532,procedural,representatives of the Scheduled Tribe community;tenant cultivators;landowning farmers,False,2.0,rejected,False,sacred grove
LA02533,fundamental,tenant cultivators;the local women's self-help group;representatives of the Scheduled Tribe community,False,0.22,rejected,True,none
LA02534,none,,True,0.5,passed,False,none
LA02535,fundamental,local shopkeepers and traders;agricultural labourers,False,0.74,rejected,True,sacred grove
LA02536,procedural,agricultural labourers,False,0.53,passed,False,none
LA02537,none,,True,0.27,passed,False,none
LA02538,procedural,tenant cultivators;elected Panchayat members;landowning farmers,True,0.29,passed,False,grazing commons
LA02539,fundamental,representatives of the Scheduled Tribe community;elected Panchayat members;the local women's self-help group,False,1.14,passed,True,none
LA02540,procedural,agricultural labourers;local shopkeepers and traders;elected Panchayat members,False,0.67,passed,False,none
LA02541,procedural,tenant cultivators,False,0.8,rejected,False,none
LA02542,procedural,local shopkeepers and traders;landowning farmers,False,0.58,passed,True,irrigation source
LA02543,fundamental,agricultural labourers,False,0.42,deferred,True,none
LA02544,fundamental,representatives of the Scheduled Tribe community,False,0.49,rejected,True,none
LA02545,procedural,representatives of the Scheduled Tribe community,True,0.92,passed,False,none
LA02546,fundamental,agricultural labourers;the local women's self-help group,False,1.6,rejected,True,none
LA02547,procedural,tenant cultivators,True,0.55,deferred,False,none
LA02548,procedural,the local women's self-help group;landowning farmers;local shopkeepers and traders,True,0.46,deferred,True,none
LA02549,fundamental,the local women's self-help group;representatives of the Scheduled Tribe community,False,2.67,passed,True,none
LA02550,procedural,representatives of the Scheduled Tribe community;the local women's self-help group;tenant cultivators,False,1.14,deferred,False,sacred grove
LA02551,procedural,the local women's self-help group;representatives of the Scheduled Tribe community,False,1.01,deferred,False,grazing commons
LA02552,fundamental,local shopkeepers and traders,False,0.47,rejected,True,none
LA02553,fundamental,landowning farmers;tenant cultivators;representatives of the Scheduled Tribe community,False,0.36,passed,False,none
LA02554,fundamental,landowning farmers,False,0.56,deferred,False,none
LA02555,fundamental,agricultural labourers,False,0.35,deferred,True,none
LA02556,fundamental,the local women's self-help group;landowning farmers;local shopkeepers and traders,False,0.49,deferred,True,irrigation source
LA02557,none,,False,0.36,deferred,False,none
LA02558,fundamental,local shopkeepers and traders,False,0.84,deferred,True,none
LA02559,procedural,tenant cultivators,False,0.42,passed,False,none
LA02560,fundamental,agricultural labourers,False,0.57,rejected,False,irrigation source
LA02561,fundamental,agricultural labourers,False,0.59,passed,False,none
LA02562,none,,True,0.69,passed,False,none
LA02563,fundamental,local shopkeepers and traders;agricultural labourers;landowning farmers,False,0.16,passed,True,none
LA02564,procedural,landowning farmers,False,0.05,rejected,False,community water tank
LA02565,none,,False,0.3,passed,True,none
LA02566,none,,False,1.19,passed,False,sacred grove
LA02567,none,,False,0.32,passed,False,none
LA02568,none,,True,0.54,passed,False,community water tank
LA02569,procedural,agricultural labourers,False,0.42,passed,False,none
LA02570,fundamental,landowning farmers,False,0.8,rejected,False,none
LA02571,none,,False,0.86,passed,False,none
LA02572,fundamental,local shopkeepers and traders;the local women's self-help group,False,0.65,deferred,False,none
LA02573,procedural,representatives of the Scheduled Tribe community;landowning farmers,False,0.36,deferred,False,burial ground
LA02574,none,,False,0.58,deferred,True,none
LA02575,none,,False,0.17,passed,False,none
LA02576,none,,False,0.71,deferred,False,community water tank
LA02577,procedural,landowning farmers,False,0.75,deferred,True,none
LA02578,fundamental,representatives of the Scheduled Tribe community;elected Panchayat members,False,0.43,deferred,False,sacred grove
LA02579,fundamental,representatives of the Scheduled Tribe community;landowning farmers;elected Panchayat members,True,0.49,passed,True,none
LA02580,none,,False,0.64,deferred,False,sacred grove
LA02581,fundamental,landowning farmers;elected Panchayat members;tenant cultivators,False,0.78,rejected,False,none
LA02582,procedural,local shopkeepers and traders;tenant cultivators;representatives of the Scheduled Tribe community,False,0.41,passed,False,irrigation source
LA02583,fundamental,elected Panchayat members;landowning farmers,False,0.27,rejected,True,none
LA02584,fundamental,agricultural labourers;representatives of the Scheduled Tribe community,False,0.36,deferred,True,none
LA02585,none,,False,0.8,deferred,False,none
LA02586,procedural,tenant cultivators;agricultural labourers,False,0.72,rejected,False,irrigation source
LA02587,procedural,landowning farmers,True,0.53,deferred,False,none
LA02588,procedural,representatives of the Scheduled Tribe community;landowning farmers;local shopkeepers and traders,False,0.81,passed,True,none
LA02589,none,,False,2.0,passed,True,irrigation source
LA02590,procedural,elected Panchayat members;representatives of the Scheduled Tribe community,True,0.4,passed,True,none
LA02591,none,,True,0.88,deferred,False,none
LA02592,none,,True,0.86,passed,False,none
LA02593,procedural,landowning farmers,False,0.71,passed,False,none
LA02594,procedural,agricultural labourers,False,0.53,deferred,False,none
LA02595,none,,False,0.39,passed,False,community water tank
LA02596,procedural,representatives of the Scheduled Tribe community,False,1.16,passed,False,none
LA02597,procedural,representatives of the Scheduled Tribe community;tenant cultivators,False,0.68,deferred,False,none
LA02598,none,,False,0.69,passed,False,none
LA02599,procedural,elected Panchayat members;tenant cultivators,False,0.3,deferred,False,none
LA02600,none,,False,0.79,passed,True,none
LA02601,procedural,elected Panchayat members;tenant cultivators;agricultural labourers,False,0.38,passed,False,none
LA02602,fundamental,agricultural labourers;tenant cultivators;the local women's self-help group,False,0.25,deferred,True,grazing commons
LA02603,procedural,landowning farmers;elected Panchayat members;local shopkeepers and traders,False,0.8,deferred,False,irrigation source
LA02604,fundamental,tenant cultivators;landowning farmers;representatives of the Scheduled Tribe community,False,1.17,rejected,True,sacred grove
LA02605,none,,False,0.28,passed,False,none
LA02606,none,,True,0.84,passed,False,none
LA02607,none,,False,1.0,passed,False,none
LA02608,fundamental,agricultural labourers,False,0.78,passed,False,none
LA02609,none,,False,0.75,passed,False,none
LA02610,fundamental,landowning farmers;local shopkeepers and traders;the local women's self-help group,False,0.65,passed,False,none
LA02611,procedural,landowning farmers;local shopkeepers and traders;tenant cultivators,False,0.91,deferred,False,grazing commons
LA02612,procedural,tenant cultivators;local shopkeepers and traders,False,0.32,passed,False,none
LA02613,procedural,tenant cultivators,False,0.65,passed,False,none
LA02614,none,,False,0.44,passed,True,none
LA02615,procedural,representatives of the Scheduled Tribe community;landowning farmers;the local women's self-help group,False,0.64,passed,True,none
LA02616,none,,False,0.71,deferred,False,none
LA02617,fundamental,local shopkeepers and traders,False,0.5,deferred,True,sacred grove
LA02618,procedural,tenant cultivators;landowning farmers,False,0.6,rejected,False,none
LA02619,none,,False,0.81,passed,True,none
LA02620,none,,False,1.14,passed,False,none
LA02621,procedural,tenant cultivators;agricultural labourers,True,0.61,passed,False,none
LA02622,none,,False,0.3,passed,False,none
LA02623,procedural,the local women's self-help group,False,0.76,passed,False,none
LA02624,none,,False,2.0,deferred,False,none
LA02625,none,,False,0.53,passed,False,none
LA02626,none,,True,0.67,passed,False,none
LA02627,procedural,landowning farmers;agricultural labourers,False,0.59,deferred,False,none
LA02628,procedural,agricultural labourers;landowning farmers,False,0.53,passed,False,none
LA02629,none,,False,0.45,passed,False,none
LA02630,fundamental,tenant cultivators;agricultural labourers,False,0.57,deferred,True,none
LA02631,procedural,elected Panchayat members;agricultural labourers;the local women's self-help group,False,0.32,deferred,False,none
LA02632,none,,False,0.76,passed,False,none
LA02633,fundamental,elected Panchayat members;tenant cultivators,False,0.35,rejected,True,community water tank
LA02634,none,,False,0.46,passed,True,none
LA02635,none,,False,0.64,passed,False,burial ground
LA02636,procedural,elected Panchayat members;local shopkeepers and traders,False,0.31,rejected,False,none
LA02637,procedural,tenant cultivators;local shopkeepers and traders,False,0.3,rejected,False,none
LA02638,fundamental,landowning farmers;tenant cultivators;the local women's self-help group,False,0.47,deferred,False,none
LA02639,procedural,tenant cultivators;agricultural labourers,False,0.53,deferred,True,community water tank
LA02640,procedural,representatives of the Scheduled Tribe community;tenant cultivators,False,0.62,passed,False,none
LA02641,none,,False,1.0,passed,False,none
LA02642,fundamental,landowning farmers;representatives of the Scheduled Tribe community;agricultural labourers,True,0.93,rejected,True,none
LA02643,none,,True,2.67,passed,False,irrigation source
LA02644,procedural,elected Panchayat members,False,0.39,deferred,False,none
LA02645,procedural,representatives of the Scheduled Tribe community,False,0.45,passed,False,none
LA02646,procedural,local shopkeepers and traders;tenant cultivators,False,0.8,deferred,False,none
LA02647,none,,True,0.71,passed,False,none
LA02648,none,,False,0.34,passed,False,none
LA02649,procedural,landowning farmers;the local women's self-help group,False,1.04,passed,True,irrigation source
LA02650,none,,True,0.14,passed,True,grazing commons
LA02651,fundamental,elected Panchayat members,False,1.0,rejected,False,none
LA02652,none,,False,0.53,passed,False,none
LA02653,procedural,the local women's self-help group;tenant cultivators,False,0.35,deferred,False,none
LA02654,none,,False,0.36,passed,False,none
LA02655,procedural,agricultural labourers,True,0.19,deferred,True,none
LA02656,fundamental,landowning farmers;elected Panchayat members;agricultural labourers,True,0.64,deferred,False,sacred grove
LA02657,fundamental,agricultural labourers;elected Panchayat members,True,0.24,passed,True,none
LA02658,procedural,agricultural labourers;landowning farmers,False,0.54,passed,False,none
LA02659,none,,True,0.43,passed,False,none
LA02660,fundamental,tenant cultivators;the local women's self-help group,False,0.69,rejected,True,none
LA02661,procedural,the local women's self-help group,True,0.52,rejected,True,irrigation source
LA02662,none,,False,1.33,passed,False,irrigation source
LA02663,procedural,landowning farmers,False,0.53,deferred,False,none
LA02664,none,,True,0.34,passed,False,none
LA02665,procedural,elected Panchayat members;agricultural labourers;landowning farmers,False,0.69,deferred,False,none
LA02666,procedural,agricultural labourers;local shopkeepers and traders;landowning farmers,False,0.39,rejected,False,none
LA02667,fundamental,landowning farmers;local shopkeepers and traders,True,0.56,passed,False,none
LA02668,none,,False,0.71,passed,False,grazing commons
LA02669,fundamental,the local women's self-help group;elected Panchayat members,False,0.35,rejected,False,none
LA02670,fundamental,elected Panchayat members,False,0.21,rejected,False,none
LA02671,none,,False,0.79,rejected,False,none
LA02672,none,,False,0.37,passed,False,none
LA02673,procedural,agricultural labourers;elected Panchayat members,False,0.3,passed,False,none
LA02674,procedural,agricultural labourers,False,0.1,passed,False,none
LA02675,none,,False,0.29,passed,False,sacred grove
LA02676,procedural,representatives of the Scheduled Tribe community;the local women's self-help group,True,0.49,deferred,False,none
LA02677,none,,False,0.79,passed,False,none
LA02678,none,,False,0.79,passed,False,none
LA02679,procedural,landowning farmers;agricultural labourers,True,0.72,rejected,False,none
LA02680,fundamental,tenant cultivators,False,0.71,rejected,False,none
LA02681,procedural,representatives of the Scheduled Tribe community;tenant cultivators,False,1.33,deferred,False,none
LA02682,none,,False,1.14,passed,False,none
LA02683,fundamental,landowning farmers;tenant cultivators,False,0.52,deferred,False,none
LA02684,procedural,agricultural labourers,False,0.9,passed,True,irrigation source
LA02685,fundamental,tenant cultivators;landowning farmers;representatives of the Scheduled Tribe community,False,0.47,rejected,False,irrigation source
LA02686,fundamental,local shopkeepers and traders;agricultural labourers;tenant cultivators,False,0.08,rejected,True,none
LA02687,procedural,representatives of the Scheduled Tribe community,False,0.65,passed,False,none
LA02688,none,,False,0.77,passed,False,none
LA02689,procedural,landowning farmers;the local women's self-help group,True,0.67,passed,True,none
LA02690,none,,True,0.08,rejected,False,none
LA02691,none,,False,0.12,passed,False,none
LA02692,none,,False,0.65,passed,True,irrigation source
LA02693,none,,False,0.58,passed,False,community water tank
LA02694,none,,False,0.4,passed,False,none
LA02695,none,,False,0.39,passed,False,none
LA02696,fundamental,representatives of the Scheduled Tribe community;elected Panchayat members,False,0.37,passed,True,none
LA02697,fundamental,elected Panchayat members;tenant cultivators;landowning farmers,False,0.73,passed,False,none
LA02698,fundamental,the local women's self-help group;representatives of the Scheduled Tribe community;landowning farmers,False,0.62,rejected,True,grazing commons
LA02699,none,,True,0.27,passed,False,irrigation source
LA02700,procedural,local shopkeepers and traders;elected Panchayat members,False,0.43,deferred,False,irrigation source
LA02701,none,,False,0.33,passed,False,none
LA02702,none,,False,0.51,deferred,False,none
LA02703,none,,False,0.69,passed,True,none
LA02704,fundamental,landowning farmers,False,0.13,passed,False,none
LA02705,fundamental,representatives of the Scheduled Tribe community;agricultural labourers,True,0.66,passed,False,none
LA02706,none,,True,0.5,passed,False,none
LA02707,none,,False,0.54,passed,False,community water tank
LA02708,none,,False,0.53,passed,False,none
LA02709,fundamental,local shopkeepers and traders;the local women's self-help group,False,0.67,deferred,True,none
LA02710,procedural,the local women's self-help group;landowning farmers;agricultural labourers,False,0.55,rejected,False,none
LA02711,fundamental,agricultural labourers,False,0.43,passed,False,none
LA02712,none,,False,0.8,passed,False,grazing commons
LA02713,procedural,elected Panchayat members,False,0.42,rejected,False,none
LA02714,none,,True,0.3,passed,True,none
LA02715,none,,False,0.81,passed,True,grazing commons
LA02716,none,,False,0.41,passed,False,irrigation source
LA02717,procedural,representatives of the Scheduled Tribe community;landowning farmers,True,0.44,passed,False,none
LA02718,procedural,representatives of the Scheduled Tribe community,True,0.23,passed,False,sacred grove
LA02719,none,,True,0.63,passed,True,none
LA02720,procedural,the local women's self-help group;landowning farmers,False,0.78,passed,False,none
LA02721,fundamental,elected Panchayat members;landowning farmers,False,0.7,rejected,False,community water tank
LA02722,fundamental,landowning farmers,False,0.69,rejected,False,sacred grove
LA02723,fundamental,the local women's self-help group;agricultural labourers,False,0.47,deferred,False,none
LA02724,none,,False,0.05,passed,False,none
LA02725,procedural,landowning farmers;tenant cultivators;agricultural labourers,False,0.59,passed,False,none
LA02726,procedural,elected Panchayat members;landowning farmers,False,1.0,deferred,True,none
LA02727,none,,True,0.17,passed,False,none
LA02728,none,,False,1.11,passed,False,none
LA02729,procedural,agricultural labourers;tenant cultivators,False,0.08,passed,False,community water tank
LA02730,fundamental,landowning farmers,False,0.74,passed,True,none
LA02731,procedural,representatives of the Scheduled Tribe community;tenant cultivators;landowning farmers,False,0.16,passed,False,sacred grove
LA02732,procedural,agricultural labourers,False,2.0,deferred,False,none
LA02733,none,,False,0.85,deferred,False,irrigation source
LA02734,none,,False,0.47,deferred,True,burial ground
LA02735,procedural,tenant cultivators,False,0.2,deferred,False,none
LA02736,procedural,the local women's self-help group;representatives of the Scheduled Tribe community;tenant cultivators,False,0.65,deferred,False,none
LA02737,procedural,the local women's self-help group;tenant cultivators,True,0.42,rejected,False,community water tank
LA02738,none,,False,0.88,passed,False,none
LA02739,none,,False,0.83,passed,False,none
LA02740,none,,True,0.93,deferred,True,none
LA02741,fundamental,local shopkeepers and traders,False,1.03,rejected,True,community water tank
LA02742,none,,False,0.52,passed,False,none
LA02743,procedural,the local women's self-help group;landowning farmers,False,0.64,passed,False,none
LA02744,procedural,tenant cultivators,False,0.24,passed,False,none
LA02745,none,,False,0.64,passed,False,none
LA02746,procedural,tenant cultivators;representatives of the Scheduled Tribe community,False,1.06,deferred,False,none
LA02747,none,,False,0.46,passed,True,community water tank
LA02748,fundamental,agricultural labourers,False,0.62,rejected,False,none
LA02749,none,,False,0.54,deferred,False,community water tank
LA02750,none,,False,0.38,passed,False,grazing commons
LA02751,fundamental,landowning farmers,False,0.4,passed,True,none
LA02752,fundamental,elected Panchayat members;agricultural labourers;local shopkeepers and traders,True,1.6,passed,True,none
LA02753,fundamental,agricultural labourers,True,0.47,deferred,False,irrigation source
LA02754,fundamental,landowning farmers;elected Panchayat members,True,0.48,rejected,True,none
LA02755,none,,False,0.37,passed,True,none
LA02756,none,,True,0.44,passed,False,none
LA02757,none,,False,0.63,passed,False,community water tank
LA02758,none,,False,1.06,passed,False,none
LA02759,fundamental,landowning farmers,False,0.51,deferred,False,none
LA02760,fundamental,tenant cultivators;landowning farmers,False,0.78,rejected,True,none
LA02761,procedural,local shopkeepers and traders;landowning farmers,False,1.16,passed,False,none
LA02762,procedural,elected Panchayat members;representatives of the Scheduled Tribe community;landowning farmers,False,0.18,passed,False,none
LA02763,none,,True,0.99,deferred,True,community water tank
LA02764,fundamental,agricultural labourers,False,2.67,deferred,True,none
LA02765,none,,False,0.44,passed,False,none
LA02766,procedural,representatives of the Scheduled Tribe community;elected Panchayat members,False,0.69,passed,False,irrigation source
LA02767,none,,False,0.41,passed,False,irrigation source
LA02768,fundamental,the local women's self-help group;local shopkeepers and traders;agricultural labourers,False,0.89,deferred,True,none
LA02769,fundamental,tenant cultivators,True,0.5,deferred,False,community water tank
LA02770,fundamental,landowning farmers,False,4.0,rejected,False,none
LA02771,none,,False,0.28,passed,True,none
LA02772,none,,False,0.23,rejected,False,grazing commons
LA02773,none,,False,0.89,deferred,False,irrigation source
LA02774,fundamental,landowning farmers;local shopkeepers and traders,True,0.71,passed,True,none
LA02775,none,,False,0.51,passed,False,burial ground
LA02776,none,,False,0.2,passed,False,none
LA02777,none,,False,0.71,passed,False,none
LA02778,none,,False,0.51,passed,True,none
LA02779,none,,True,0.56,deferred,True,none
LA02780,none,,False,0.62,passed,False,none
LA02781,none,,False,0.8,passed,False,community water tank
LA02782,none,,True,1.6,passed,False,none
LA02783,none,,False,0.83,deferred,True,irrigation source
LA02784,fundamental,agricultural labourers,False,1.6,deferred,False,sacred grove
LA02785,none,,False,0.82,passed,False,none
LA02786,none,,True,0.8,passed,False,none
LA02787,none,,False,0.61,passed,False,none
LA02788,none,,False,1.14,passed,False,grazing commons
LA02789,none,,False,0.67,passed,False,none
LA02790,none,,True,0.5,passed,True,none
LA02791,procedural,the local women's self-help group,False,0.09,deferred,False,grazing commons
LA02792,procedural,landowning farmers;tenant cultivators;agricultural labourers,False,0.63,deferred,True,none
LA02793,none,,False,0.26,passed,False,grazing commons
LA02794,procedural,landowning farmers;tenant cultivators;agricultural labourers,False,0.55,passed,False,none
LA02795,none,,False,0.63,passed,False,none
LA02796,fundamental,landowning farmers,True,0.47,deferred,True,none
LA02797,none,,False,0.56,passed,False,none
LA02798,procedural,landowning farmers;representatives of the Scheduled Tribe community;tenant cultivators,False,0.69,deferred,False,burial ground
LA02799,fundamental,tenant cultivators,True,0.97,passed,True,none
LA02800,fundamental,tenant cultivators,True,0.8,passed,True,none
LA02801,none,,False,0.32,passed,False,none
LA02802,procedural,landowning farmers;tenant cultivators;agricultural labourers,False,1.14,passed,True,none
LA02803,fundamental,tenant cultivators;elected Panchayat members;agricultural labourers,False,0.47,deferred,False,none
LA02804,none,,False,0.68,passed,False,community water tank
LA02805,none,,False,1.0,passed,False,community water tank
LA02806,procedural,agricultural labourers,False,0.35,rejected,False,none
LA02807,procedural,local shopkeepers and traders,False,0.36,deferred,False,none
LA02808,fundamental,landowning farmers;agricultural labourers,False,0.57,rejected,False,none
LA02809,none,,False,1.08,passed,False,none
LA02810,procedural,agricultural labourers;landowning farmers;the local women's self-help group,True,0.19,deferred,False,none
LA02811,none,,False,0.63,passed,False,community water tank
LA02812,procedural,tenant cultivators;agricultural labourers,False,0.39,deferred,False,none
LA02813,none,,False,0.58,passed,False,grazing commons
LA02814,none,,True,0.05,passed,False,community water tank
LA02815,none,,True,0.09,passed,False,grazing commons
LA02816,fundamental,landowning farmers;tenant cultivators,False,0.51,rejected,True,none
LA02817,fundamental,landowning farmers;local shopkeepers and traders,False,0.9,deferred,True,none
LA02818,procedural,tenant cultivators;landowning farmers;the local women's self-help group,False,0.89,deferred,True,none
LA02819,fundamental,landowning farmers;tenant cultivators;agricultural labourers,True,0.52,rejected,False,none
LA02820,none,,False,0.65,passed,False,none
LA02821,none,,True,0.55,passed,False,none
LA02822,none,,True,0.67,deferred,False,community water tank
LA02823,none,,True,0.46,deferred,False,irrigation source
LA02824,fundamental,agricultural labourers;landowning farmers,False,0.9,passed,True,none
LA02825,none,,False,0.68,deferred,False,none
LA02826,none,,False,0.6,passed,False,sacred grove
LA02827,fundamental,agricultural labourers;landowning farmers;elected Panchayat members,False,0.78,deferred,False,burial ground
LA02828,procedural,elected Panchayat members;tenant cultivators,False,1.6,deferred,False,none
LA02829,fundamental,agricultural labourers;landowning farmers,False,0.55,rejected,True,none
LA02830,none,,False,0.73,passed,False,none
LA02831,none,,False,0.99,passed,False,none
LA02832,fundamental,landowning farmers;representatives of the Scheduled Tribe community;elected Panchayat members,True,0.27,rejected,True,grazing commons
LA02833,procedural,landowning farmers,True,0.89,passed,False,grazing commons
LA02834,procedural,the local women's self-help group,True,0.5,deferred,True,none
LA02835,procedural,tenant cultivators;the local women's self-help group,True,0.73,passed,True,none
LA02836,fundamental,agricultural labourers;the local women's self-help group,True,0.2,rejected,True,none
LA02837,none,,False,0.75,passed,False,irrigation source
LA02838,procedural,agricultural labourers,False,0.3,deferred,False,none
LA02839,none,,False,0.83,passed,False,none
LA02840,procedural,tenant cultivators,False,0.35,deferred,False,none
LA02841,fundamental,representatives of the Scheduled Tribe community;the local women's self-help group,False,0.45,passed,False,none
LA02842,none,,False,0.48,passed,False,none
LA02843,none,,False,0.3,passed,False,none
LA02844,procedural,local shopkeepers and traders;landowning farmers,False,0.83,passed,False,none
LA02845,procedural,landowning farmers;local shopkeepers and traders;elected Panchayat members,False,0.72,passed,False,community water tank
LA02846,none,,False,0.57,passed,False,none
LA02847,fundamental,the local women's self-help group,False,0.77,deferred,True,none
LA02848,fundamental,representatives of the Scheduled Tribe community;the local women's self-help group,False,0.78,rejected,True,none
LA02849,procedural,landowning farmers;representatives of the Scheduled Tribe community,False,0.72,deferred,True,sacred grove
LA02850,procedural,tenant cultivators,False,0.74,passed,False,none
LA02851,procedural,agricultural labourers;elected Panchayat members;landowning farmers,True,0.35,deferred,False,none
LA02852,none,,False,0.64,passed,False,burial ground
LA02853,none,,True,0.48,deferred,False,irrigation source
LA02854,fundamental,representatives of the Scheduled Tribe community,False,0.55,rejected,True,none
LA02855,procedural,tenant cultivators,False,0.63,passed,False,community water tank
LA02856,fundamental,tenant cultivators;representatives of the Scheduled Tribe community;local shopkeepers and traders,False,0.37,rejected,True,none
LA02857,fundamental,tenant cultivators;the local women's self-help group;elected Panchayat members,False,1.33,rejected,False,none
LA02858,none,,False,0.32,passed,True,sacred grove
LA02859,procedural,the local women's self-help group;agricultural labourers;tenant cultivators,True,0.34,deferred,False,none
LA02860,none,,False,0.51,passed,False,irrigation source
LA02861,none,,False,0.47,deferred,False,none
LA02862,none,,True,1.17,deferred,False,none
LA02863,fundamental,landowning farmers;representatives of the Scheduled Tribe community,True,0.45,rejected,True,none
LA02864,fundamental,agricultural labourers;landowning farmers,False,0.64,deferred,False,grazing commons
LA02865,none,,False,0.42,passed,True,community water tank
LA02866,none,,False,0.05,deferred,True,irrigation source
LA02867,none,,True,0.76,passed,False,none
LA02868,procedural,landowning farmers;agricultural labourers,False,0.64,rejected,False,grazing commons
LA02869,fundamental,tenant cultivators;elected Panchayat members;landowning farmers,False,0.8,deferred,False,none
LA02870,fundamental,elected Panchayat members;the local women's self-help group;landowning farmers,False,0.51,rejected,True,none
LA02871,procedural,the local women's self-help group,True,0.34,rejected,False,none
LA02872,procedural,agricultural labourers;elected Panchayat members;landowning farmers,False,0.27,deferred,False,irrigation source
LA02873,procedural,landowning farmers;the local women's self-help group,False,0.62,rejected,False,none
LA02874,none,,False,0.64,deferred,True,none
LA02875,procedural,elected Panchayat members,False,0.35,deferred,False,none
LA02876,fundamental,representatives of the Scheduled Tribe community,False,0.35,rejected,True,none
LA02877,none,,False,0.35,passed,False,none
LA02878,none,,False,0.21,passed,True,none
LA02879,none,,False,0.28,deferred,False,community water tank
LA02880,none,,False,0.4,passed,False,none
LA02881,none,,False,0.24,deferred,False,none
LA02882,none,,False,0.66,passed,False,none
LA02883,none,,False,0.88,passed,False,sacred grove
LA02884,procedural,the local women's self-help group,False,0.53,passed,False,none
LA02885,none,,False,0.63,rejected,False,none
LA02886,fundamental,landowning farmers,False,0.42,passed,True,none
LA02887,none,,False,0.48,passed,False,none
LA02888,fundamental,tenant cultivators;landowning farmers,False,0.8,passed,False,none
LA02889,none,,True,0.34,passed,False,none
LA02890,none,,False,0.73,passed,False,community water tank
LA02891,none,,True,0.8,passed,False,none
LA02892,procedural,elected Panchayat members;tenant cultivators;landowning farmers,False,0.4,deferred,False,none
LA02893,fundamental,agricultural labourers;landowning farmers,True,0.85,rejected,True,none
LA02894,fundamental,agricultural labourers,False,0.33,rejected,True,none
LA02895,none,,False,0.39,passed,False,none
LA02896,procedural,agricultural labourers,False,0.22,passed,False,none
LA02897,procedural,elected Panchayat members,True,0.29,passed,False,community water tank
LA02898,fundamental,elected Panchayat members,False,0.71,rejected,False,none
LA02899,none,,True,0.56,deferred,False,irrigation source
LA02900,procedural,agricultural labourers;local shopkeepers and traders,False,0.65,deferred,False,none
LA02901,procedural,agricultural labourers,False,2.0,passed,False,none
LA02902,none,,False,0.05,passed,False,none
LA02903,none,,False,0.32,deferred,False,none
LA02904,fundamental,landowning farmers,True,0.59,passed,True,grazing commons
LA02905,fundamental,local shopkeepers and traders,False,0.92,deferred,True,none
LA02906,fundamental,representatives of the Scheduled Tribe community,False,0.89,rejected,False,none
LA02907,none,,False,0.74,passed,False,none
LA02908,fundamental,landowning farmers;agricultural labourers,False,2.67,rejected,False,sacred grove
LA02909,fundamental,tenant cultivators,False,0.33,rejected,True,irrigation source
LA02910,procedural,the local women's self-help group;landowning farmers;tenant cultivators,False,0.05,deferred,False,community water tank
LA02911,fundamental,tenant cultivators;elected Panchayat members;local shopkeepers and traders,False,0.62,rejected,False,none
LA02912,fundamental,tenant cultivators,False,0.21,passed,True,none
LA02913,fundamental,agricultural labourers;landowning farmers;representatives of the Scheduled Tribe community,False,0.79,rejected,True,none
LA02914,none,,False,0.35,passed,False,none
LA02915,fundamental,tenant cultivators,False,0.19,rejected,True,community water tank
LA02916,none,,False,0.63,passed,False,none
LA02917,none,,False,0.1,deferred,False,irrigation source
LA02918,fundamental,tenant cultivators,False,2.0,rejected,True,sacred grove
LA02919,none,,False,0.67,deferred,False,none
LA02920,fundamental,tenant cultivators,False,0.89,rejected,True,none
LA02921,none,,True,0.75,passed,False,none
LA02922,fundamental,elected Panchayat members;representatives of the Scheduled Tribe community,True,0.66,rejected,True,none
LA02923,none,,False,4.0,passed,False,none
LA02924,none,,False,0.7,passed,False,none
LA02925,procedural,agricultural labourers,True,0.24,passed,False,none
LA02926,fundamental,agricultural labourers;landowning farmers;elected Panchayat members,False,0.19,deferred,True,none
LA02927,procedural,landowning farmers,False,0.92,passed,False,sacred grove
LA02928,procedural,the local women's self-help group;representatives of the Scheduled Tribe community;landowning farmers,False,0.42,deferred,False,none
LA02929,procedural,landowning farmers,False,0.45,passed,False,none
LA02930,none,,False,4.0,passed,False,none
LA02931,procedural,landowning farmers,False,0.53,passed,False,none
LA02932,fundamental,representatives of the Scheduled Tribe community,True,0.5,rejected,True,none
LA02933,none,,False,0.79,passed,False,community water tank
LA02934,none,,False,0.05,passed,False,none
LA02935,none,,False,0.72,passed,False,none
LA02936,none,,False,0.73,passed,False,grazing commons
LA02937,fundamental,tenant cultivators,False,1.14,rejected,True,none
LA02938,fundamental,agricultural labourers,False,0.76,passed,False,none
LA02939,procedural,landowning farmers;representatives of the Scheduled Tribe community,False,0.61,passed,False,none
LA02940,none,,False,0.56,passed,False,none
LA02941,procedural,elected Panchayat members;the local women's self-help group,False,0.4,passed,False,none
LA02942,fundamental,landowning farmers,True,0.53,passed,False,none
LA02943,none,,False,0.57,passed,False,none
LA02944,none,,False,0.64,passed,False,none
LA02945,fundamental,agricultural labourers;landowning farmers,False,0.48,passed,True,none
LA02946,procedural,landowning farmers;the local women's self-help group;local shopkeepers and traders,False,0.44,passed,False,none
LA02947,procedural,the local women's self-help group;agricultural labourers,False,0.88,deferred,False,irrigation source
LA02948,procedural,tenant cultivators;representatives of the Scheduled Tribe community,False,0.64,deferred,False,none
LA02949,none,,False,0.92,passed,False,none
LA02950,procedural,local shopkeepers and traders;representatives of the Scheduled Tribe community;tenant cultivators,False,0.76,deferred,False,none
LA02951,fundamental,the local women's self-help group,False,0.83,rejected,True,irrigation source
LA02952,none,,False,0.44,passed,False,none
LA02953,none,,False,0.86,passed,False,irrigation source
LA02954,none,,False,0.38,passed,False,none
LA02955,none,,False,0.48,passed,True,none
LA02956,procedural,the local women's self-help group;representatives of the Scheduled Tribe community,False,0.48,rejected,False,none
LA02957,fundamental,elected Panchayat members;landowning farmers;the local women's self-help group,False,1.33,deferred,False,none
LA02958,fundamental,agricultural labourers,False,0.94,deferred,False,irrigation source
LA02959,none,,False,0.72,passed,False,none
LA02960,none,,True,0.7,passed,False,none
LA02961,fundamental,agricultural labourers,False,1.21,deferred,True,none
LA02962,fundamental,elected Panchayat members;tenant cultivators;the local women's self-help group,False,0.62,deferred,False,none
LA02963,procedural,tenant cultivators,False,1.33,passed,False,grazing commons
LA02964,none,,False,0.83,passed,False,irrigation source
LA02965,procedural,agricultural labourers;tenant cultivators,False,0.49,passed,False,none
LA02966,fundamental,the local women's self-help group;representatives of the Scheduled Tribe community,False,0.56,deferred,True,burial ground
LA02967,fundamental,agricultural labourers,False,0.29,rejected,False,none
LA02968,none,,False,0.4,passed,False,community water tank
LA02969,none,,False,0.55,deferred,False,none
LA02970,none,,False,0.79,deferred,False,none
LA02971,procedural,landowning farmers,False,0.51,deferred,True,irrigation source
LA02972,procedural,representatives of the Scheduled Tribe community;local shopkeepers and traders,False,1.03,deferred,False,none
LA02973,none,,False,0.9,passed,True,none
LA02974,none,,False,0.73,passed,False,none
LA02975,none,,False,0.71,passed,False,irrigation source
LA02976,procedural,the local women's self-help group;landowning farmers,False,0.81,passed,False,none
LA02977,none,,False,0.92,passed,True,none
LA02978,procedural,local shopkeepers and traders;landowning farmers,False,0.92,deferred,False,none
LA02979,fundamental,representatives of the Scheduled Tribe community;elected Panchayat members;agricultural labourers,False,0.95,rejected,True,none
LA02980,none,,False,0.07,deferred,False,irrigation source
LA02981,none,,False,0.39,passed,False,none
LA02982,none,,False,0.55,passed,False,none
LA02983,procedural,landowning farmers;agricultural labourers,False,0.82,passed,False,none
LA02984,none,,True,0.7,deferred,True,none
LA02985,fundamental,representatives of the Scheduled Tribe community;agricultural labourers,False,0.75,deferred,False,none
LA02986,none,,False,0.67,deferred,False,irrigation source
LA02987,none,,True,0.52,passed,True,none
LA02988,none,,False,0.05,passed,False,none
LA02989,procedural,elected Panchayat members;tenant cultivators;landowning farmers,False,0.94,passed,False,community water tank
LA02990,fundamental,agricultural labourers;representatives of the Scheduled Tribe community;the local women's self-help group,False,0.53,deferred,True,irrigation source
LA02991,procedural,the local women's self-help group;representatives of the Scheduled Tribe community;local shopkeepers and traders,False,0.7,passed,False,none
LA02992,none,,False,0.54,passed,True,none
LA02993,procedural,local shopkeepers and traders,True,1.0,passed,False,none
LA02994,fundamental,elected Panchayat members,True,0.38,deferred,False,none
LA02995,fundamental,tenant cultivators,False,0.9,passed,False,none
LA02996,fundamental,landowning farmers,False,0.65,rejected,True,irrigation source
LA02997,procedural,landowning farmers;tenant cultivators,False,0.44,passed,False,none
LA02998,procedural,agricultural labourers;tenant cultivators;landowning farmers,True,0.65,rejected,False,none
LA02999,none,,False,0.26,passed,False,grazing commons
LA03000,fundamental,elected Panchayat members;tenant cultivators;the local women's self-help group,False,0.89,deferred,False,none
LA03001,fundamental,representatives of the Scheduled Tribe community,False,0.71,rejected,True,none
LA03002,procedural,elected Panchayat members;the local women's self-help group,False,0.54,deferred,False,community water tank
LA03003,none,,False,0.7,passed,False,none
LA03004,procedural,agricultural labourers;representatives of the Scheduled Tribe community,True,0.39,deferred,True,none
LA03005,procedural,representatives of the Scheduled Tribe community;tenant cultivators;local shopkeepers and traders,False,0.3,deferred,False,none
LA03006,none,,False,0.6,passed,True,community water tank
LA03007,none,,False,1.15,deferred,True,none
LA03008,procedural,representatives of the Scheduled Tribe community;landowning farmers;tenant cultivators,False,0.29,passed,False,none
LA03009,procedural,landowning farmers;tenant cultivators,False,0.15,rejected,False,none
LA03010,procedural,agricultural labourers,False,0.62,deferred,False,none
LA03011,none,,False,0.72,passed,False,community water tank
LA03012,procedural,elected Panchayat members;the local women's self-help group,False,0.67,deferred,False,none
LA03013,procedural,elected Panchayat members,False,0.06,deferred,False,burial ground
LA03014,none,,False,0.75,passed,False,none
LA03015,none,,True,1.33,passed,False,community water tank
LA03016,none,,True,0.23,passed,False,irrigation source
LA03017,none,,False,1.0,passed,False,none
LA03018,procedural,the local women's self-help group;tenant cultivators,False,0.3,passed,False,none
LA03019,fundamental,tenant cultivators;the local women's self-help group;agricultural labourers,False,2.0,rejected,False,none
LA03020,none,,False,0.43,deferred,False,irrigation source
LA03021,none,,True,0.65,deferred,True,community water tank
LA03022,fundamental,tenant cultivators,False,0.35,rejected,False,none
LA03023,none,,True,0.19,passed,True,none
LA03024,none,,True,0.68,passed,True,none
LA03025,none,,False,0.89,deferred,False,irrigation source
LA03026,procedural,tenant cultivators,False,0.39,deferred,False,none
LA03027,fundamental,tenant cultivators,False,0.97,deferred,True,community water tank
LA03028,none,,False,0.42,deferred,False,burial ground
LA03029,none,,False,0.5,passed,False,community water tank
LA03030,none,,False,0.44,passed,False,none
LA03031,none,,True,0.72,passed,False,irrigation source
LA03032,none,,False,0.83,passed,False,none
LA03033,fundamental,the local women's self-help group,False,0.63,rejected,True,community water tank
LA03034,none,,False,0.87,passed,False,community water tank
LA03035,none,,False,0.8,deferred,False,none
LA03036,fundamental,elected Panchayat members;representatives of the Scheduled Tribe community;tenant cultivators,False,0.73,deferred,False,none
LA03037,fundamental,agricultural labourers,False,0.1,deferred,True,sacred grove
LA03038,none,,False,0.54,passed,False,irrigation source
LA03039,fundamental,local shopkeepers and traders;tenant cultivators,False,0.62,rejected,True,none
LA03040,fundamental,tenant cultivators,False,0.61,deferred,True,grazing commons
LA03041,procedural,agricultural labourers;the local women's self-help group;local shopkeepers and traders,True,0.8,rejected,False,none
LA03042,none,,False,0.57,passed,False,none
LA03043,procedural,the local women's self-help group,False,0.08,passed,True,none
LA03044,procedural,tenant cultivators;elected Panchayat members;agricultural labourers,True,0.44,passed,True,irrigation source
LA03045,none,,False,0.64,passed,False,none
LA03046,procedural,elected Panchayat members;landowning farmers,False,0.13,passed,False,sacred grove
LA03047,procedural,landowning farmers;local shopkeepers and traders,False,0.22,passed,False,none
LA03048,none,,False,0.44,passed,False,none
LA03049,none,,False,0.56,passed,False,none
LA03050,procedural,elected Panchayat members,False,0.22,deferred,False,sacred grove
LA03051,fundamental,landowning farmers,False,1.14,passed,True,none
LA03052,fundamental,elected Panchayat members;landowning farmers;tenant cultivators,False,0.4,deferred,False,none
LA03053,procedural,tenant cultivators;elected Panchayat members,False,1.18,rejected,False,none
LA03054,fundamental,representatives of the Scheduled Tribe community;landowning farmers,True,0.73,deferred,True,none
LA03055,fundamental,landowning farmers,False,0.56,rejected,True,none
LA03056,none,,False,2.67,rejected,False,none
LA03057,fundamental,the local women's self-help group;landowning farmers;representatives of the Scheduled Tribe community,False,0.37,rejected,True,sacred grove
LA03058,none,,True,1.6,passed,True,none
LA03059,procedural,landowning farmers;representatives of the Scheduled Tribe community;the local women's self-help group,True,0.76,rejected,False,none
LA03060,none,,False,0.18,passed,False,none
LA03061,none,,False,0.31,passed,False,none
LA03062,procedural,tenant cultivators;the local women's self-help group;landowning farmers,False,0.62,passed,False,none
LA03063,procedural,agricultural labourers;tenant cultivators;the local women's self-help group,False,0.59,passed,False,none
LA03064,none,,False,0.35,passed,False,none
LA03065,fundamental,agricultural labourers;tenant cultivators;the local women's self-help group,True,0.31,deferred,True,none
LA03066,none,,False,0.73,deferred,False,irrigation source
LA03067,none,,False,0.84,passed,False,grazing commons
LA03068,fundamental,representatives of the Scheduled Tribe community;the local women's self-help group;tenant cultivators,False,0.86,deferred,False,none
LA03069,procedural,representatives of the Scheduled Tribe community,True,0.57,deferred,False,none
LA03070,fundamental,agricultural labourers;local shopkeepers and traders,False,0.67,rejected,True,none
LA03071,procedural,tenant cultivators;elected Panchayat members,False,0.6,passed,True,none
LA03072,none,,False,0.33,passed,False,none
LA03073,procedural,tenant cultivators;elected Panchayat members,False,0.31,deferred,False,none
LA03074,procedural,representatives of the Scheduled Tribe community;tenant cultivators,False,0.59,deferred,True,none
LA03075,procedural,tenant cultivators;the local women's self-help group;landowning farmers,True,1.01,deferred,False,irrigation source
LA03076,none,,False,0.41,passed,False,community water tank
LA03077,procedural,tenant cultivators;representatives of the Scheduled Tribe community,False,0.75,deferred,False,none
LA03078,fundamental,tenant cultivators;representatives of the Scheduled Tribe community;landowning farmers,False,0.5,deferred,True,none
LA03079,none,,False,0.73,deferred,False,none
LA03080,procedural,landowning farmers;tenant cultivators;representatives of the Scheduled Tribe community,False,2.0,deferred,False,none
LA03081,fundamental,elected Panchayat members;agricultural labourers;tenant cultivators,False,0.46,deferred,True,none
LA03082,none,,False,1.14,passed,False,none
LA03083,procedural,local shopkeepers and traders;landowning farmers;tenant cultivators,False,0.81,passed,False,none
LA03084,none,,False,0.84,rejected,False,irrigation source
LA03085,procedural,representatives of the Scheduled Tribe community;landowning farmers;agricultural labourers,False,0.85,deferred,True,none
LA03086,procedural,representatives of the Scheduled Tribe community;landowning farmers;elected Panchayat members,True,0.47,deferred,False,none
LA03087,procedural,agricultural labourers,False,0.34,deferred,False,none
LA03088,fundamental,landowning farmers;local shopkeepers and traders,False,0.52,rejected,True,none
LA03089,none,,False,0.5,passed,False,community water tank
LA03090,none,,False,0.81,passed,False,none
LA03091,fundamental,tenant cultivators;landowning farmers;agricultural labourers,False,0.59,passed,True,none
LA03092,procedural,representatives of the Scheduled Tribe community,False,1.05,deferred,False,irrigation source
LA03093,none,,False,0.7,passed,False,irrigation source
LA03094,none,,False,0.57,passed,False,none
LA03095,fundamental,local shopkeepers and traders;elected Panchayat members;the local women's self-help group,False,0.53,rejected,False,none
LA03096,procedural,elected Panchayat members;local shopkeepers and traders;landowning farmers,False,1.0,passed,False,sacred grove
LA03097,none,,False,0.84,passed,False,none
LA03098,fundamental,landowning farmers;tenant cultivators;elected Panchayat members,False,0.8,deferred,True,none
LA03099,none,,False,0.42,passed,False,none
LA03100,none,,False,0.95,passed,False,none
LA03101,fundamental,local shopkeepers and traders;landowning farmers,False,0.73,deferred,False,none
LA03102,procedural,landowning farmers;tenant cultivators;agricultural labourers,False,0.37,rejected,False,none
LA03103,procedural,tenant cultivators,False,0.77,passed,False,grazing commons
LA03104,none,,False,0.25,passed,False,none
LA03105,procedural,representatives of the Scheduled Tribe community,False,0.41,deferred,False,none
LA03106,none,,True,1.0,deferred,False,irrigation source
LA03107,fundamental,local shopkeepers and traders;agricultural labourers,False,0.52,deferred,False,irrigation source
LA03108,procedural,local shopkeepers and traders;elected Panchayat members,False,0.49,deferred,False,none
LA03109,none,,False,0.36,passed,False,none
LA03110,none,,False,0.5,passed,False,none
LA03111,procedural,landowning farmers;the local women's self-help group,True,0.62,rejected,False,none
LA03112,fundamental,landowning farmers;tenant cultivators;elected Panchayat members,True,0.49,deferred,True,none
LA03113,procedural,tenant cultivators;representatives of the Scheduled Tribe community;landowning farmers,False,2.0,passed,False,grazing commons
LA03114,procedural,the local women's self-help group;agricultural labourers;representatives of the Scheduled Tribe community,False,0.65,passed,True,none
LA03115,procedural,agricultural labourers,False,0.71,deferred,False,burial ground
LA03116,fundamental,agricultural labourers;tenant cultivators,False,0.19,deferred,False,none
LA03117,none,,False,0.73,passed,False,community water tank
LA03118,none,,False,0.72,deferred,False,none
LA03119,fundamental,local shopkeepers and traders;landowning farmers,False,0.7,rejected,False,none
LA03120,none,,False,0.8,passed,False,none
LA03121,procedural,tenant cultivators,False,0.77,passed,False,none
LA03122,procedural,agricultural labourers,False,1.0,passed,False,none
LA03123,fundamental,representatives of the Scheduled Tribe community,False,0.83,rejected,False,burial ground
LA03124,fundamental,landowning farmers;tenant cultivators;representatives of the Scheduled Tribe community,False,0.83,rejected,False,grazing commons
LA03125,none,,False,0.7,deferred,False,irrigation source
LA03126,procedural,local shopkeepers and traders,True,0.77,passed,False,none
LA03127,none,,True,1.02,passed,False,none
LA03128,none,,False,0.78,passed,False,none
LA03129,procedural,tenant cultivators;landowning farmers;the local women's self-help group,True,0.48,passed,False,none
LA03130,procedural,agricultural labourers;elected Panchayat members,False,0.47,deferred,False,grazing commons
LA03131,none,,True,0.3,passed,False,none
LA03132,none,,False,0.21,passed,False,none
LA03133,procedural,representatives of the Scheduled Tribe community,False,0.2,passed,False,none
LA03134,none,,False,0.33,deferred,False,none
LA03135,none,,False,0.86,passed,False,none
LA03136,procedural,landowning farmers,False,0.69,deferred,False,none
LA03137,none,,False,0.76,passed,False,none
LA03138,fundamental,local shopkeepers and traders,False,0.55,rejected,True,grazing commons
LA03139,none,,False,0.36,passed,False,none
LA03140,procedural,elected Panchayat members,False,0.66,passed,False,none
LA03141,procedural,the local women's self-help group,False,1.05,passed,True,community water tank
LA03142,procedural,tenant cultivators;the local women's self-help group;representatives of the Scheduled Tribe community,False,0.18,deferred,False,none
LA03143,none,,False,0.59,deferred,False,grazing commons
LA03144,none,,False,0.73,deferred,False,none
LA03145,none,,False,0.68,passed,False,none
LA03146,none,,False,0.33,passed,False,none
LA03147,none,,False,0.83,passed,False,irrigation source
LA03148,none,,True,0.53,passed,False,sacred grove
LA03149,fundamental,agricultural labourers;elected Panchayat members;local shopkeepers and traders,True,0.11,passed,True,none
LA03150,fundamental,representatives of the Scheduled Tribe community;landowning farmers,False,0.56,rejected,False,sacred grove
LA03151,none,,False,0.55,passed,False,none
LA03152,fundamental,elected Panchayat members;local shopkeepers and traders,False,0.45,deferred,False,none
LA03153,fundamental,landowning farmers;local shopkeepers and traders,False,0.74,rejected,False,none
LA03154,fundamental,representatives of the Scheduled Tribe community;elected Panchayat members;tenant cultivators,True,1.18,deferred,False,none
LA03155,procedural,tenant cultivators;the local women's self-help group;landowning farmers,False,1.6,passed,False,irrigation source
LA03156,fundamental,landowning farmers;local shopkeepers and traders,False,0.05,rejected,False,none
LA03157,none,,False,1.11,deferred,False,none
LA03158,none,,False,2.67,passed,False,none
LA03159,none,,False,0.41,passed,False,irrigation source
LA03160,procedural,tenant cultivators,True,0.24,deferred,True,none
LA03161,none,,False,0.78,passed,False,none
LA03162,fundamental,tenant cultivators;landowning farmers;representatives of the Scheduled Tribe community,False,0.95,passed,False,burial ground
LA03163,none,,False,0.22,passed,False,none
LA03164,fundamental,landowning farmers,False,0.74,passed,True,none
LA03165,fundamental,representatives of the Scheduled Tribe community;agricultural labourers,False,0.32,rejected,False,none
LA03166,none,,False,0.05,passed,False,none
LA03167,procedural,agricultural labourers,False,1.01,deferred,False,none
LA03168,fundamental,the local women's self-help group,False,0.9,rejected,False,irrigation source
LA03169,none,,True,0.91,passed,True,burial ground
LA03170,none,,True,0.55,passed,False,irrigation source
LA03171,procedural,landowning farmers,True,0.56,passed,False,none
LA03172,none,,False,1.04,passed,False,community water tank
LA03173,procedural,representatives of the Scheduled Tribe community;agricultural labourers,False,1.0,deferred,False,none
LA03174,none,,False,0.67,deferred,False,none
LA03175,procedural,agricultural labourers,False,0.67,deferred,False,irrigation source
LA03176,procedural,tenant cultivators,True,0.55,passed,False,none
LA03177,none,,False,0.26,passed,False,none
LA03178,none,,False,0.78,passed,False,community water tank
LA03179,none,,False,0.8,passed,False,none
LA03180,fundamental,tenant cultivators;the local women's self-help group;local shopkeepers and traders,False,0.89,rejected,True,none
LA03181,procedural,the local women's self-help group;agricultural labourers,False,0.42,passed,False,burial ground
LA03182,fundamental,agricultural labourers;landowning farmers;tenant cultivators,False,0.87,passed,False,community water tank
LA03183,procedural,local shopkeepers and traders;representatives of the Scheduled Tribe community;landowning farmers,False,0.13,passed,False,sacred grove
LA03184,procedural,landowning farmers;local shopkeepers and traders;representatives of the Scheduled Tribe community,True,0.74,deferred,False,none
LA03185,none,,False,0.77,passed,False,none
LA03186,none,,False,0.62,passed,True,community water tank
LA03187,procedural,landowning farmers,False,1.0,rejected,False,none
LA03188,none,,False,0.19,passed,False,none
LA03189,fundamental,the local women's self-help group;elected Panchayat members,False,0.24,rejected,True,none
LA03190,none,,False,0.73,deferred,False,none
LA03191,none,,True,0.64,passed,False,none
LA03192,procedural,local shopkeepers and traders;the local women's self-help group;landowning farmers,False,0.8,deferred,False,none
LA03193,none,,False,0.5,passed,False,none
LA03194,procedural,agricultural labourers;landowning farmers,False,0.65,deferred,False,sacred grove
LA03195,procedural,tenant cultivators,False,0.75,rejected,False,none
LA03196,procedural,the local women's self-help group;representatives of the Scheduled Tribe community,False,0.73,deferred,True,none
LA03197,none,,False,0.68,passed,False,none
LA03198,none,,False,0.62,passed,False,grazing commons
LA03199,fundamental,local shopkeepers and traders;landowning farmers,False,0.4,rejected,True,grazing commons
LA03200,none,,True,0.18,passed,True,none
LA03201,procedural,elected Panchayat members;tenant cultivators,False,0.72,passed,False,none
LA03202,none,,False,0.13,passed,False,community water tank
LA03203,none,,False,0.39,deferred,False,none
LA03204,procedural,elected Panchayat members;tenant cultivators,False,2.0,deferred,False,none
LA03205,none,,False,0.28,deferred,True,none
LA03206,procedural,elected Panchayat members;the local women's self-help group,False,0.27,passed,False,none
LA03207,none,,False,0.51,passed,True,none
LA03208,none,,False,0.78,passed,False,none
LA03209,fundamental,agricultural labourers,False,0.1,rejected,True,none
LA03210,none,,False,0.35,passed,False,none
LA03211,procedural,landowning farmers,False,1.14,passed,False,none
LA03212,procedural,representatives of the Scheduled Tribe community,False,0.68,passed,False,none
LA03213,none,,False,0.92,passed,True,grazing commons
LA03214,procedural,landowning farmers;tenant cultivators,False,0.5,deferred,True,none
LA03215,procedural,elected Panchayat members;the local women's self-help group;agricultural labourers,False,1.33,passed,False,none
LA03216,none,,False,0.21,passed,False,none
LA03217,none,,True,0.52,deferred,False,community water tank
LA03218,none,,False,0.26,passed,False,none
LA03219,procedural,local shopkeepers and traders,False,0.78,passed,True,none
LA03220,fundamental,agricultural labourers,False,2.0,rejected,False,none
LA03221,fundamental,tenant cultivators;agricultural labourers,True,0.76,rejected,False,community water tank
LA03222,none,,False,0.82,passed,True,none
LA03223,procedural,representatives of the Scheduled Tribe community;landowning farmers,False,0.49,deferred,False,burial ground
LA03224,none,,False,0.44,deferred,True,none
LA03225,fundamental,landowning farmers;agricultural labourers,False,0.24,rejected,False,none
LA03226,fundamental,representatives of the Scheduled Tribe community;agricultural labourers;landowning farmers,False,0.73,passed,False,none
LA03227,procedural,tenant cultivators,False,0.32,passed,False,grazing commons
LA03228,procedural,agricultural labourers;landowning farmers,False,0.57,passed,False,none
LA03229,fundamental,local shopkeepers and traders;representatives of the Scheduled Tribe community;tenant cultivators,False,0.8,deferred,True,none
LA03230,procedural,landowning farmers;local shopkeepers and traders;representatives of the Scheduled Tribe community,False,0.63,deferred,False,none
LA03231,procedural,representatives of the Scheduled Tribe community;landowning farmers,False,0.44,deferred,False,none
LA03232,none,,False,0.76,deferred,False,none
LA03233,none,,False,0.53,passed,True,none
LA03234,none,,False,0.74,passed,False,none
LA03235,fundamental,landowning farmers,False,0.7,rejected,True,community water tank
LA03236,none,,True,2.0,passed,True,none
LA03237,none,,False,0.62,passed,True,grazing commons
LA03238,none,,False,1.07,passed,False,none
LA03239,procedural,landowning farmers,False,0.24,passed,False,none
LA03240,none,,True,0.51,deferred,True,irrigation source
LA03241,none,,True,0.69,passed,True,none
LA03242,none,,False,0.31,passed,False,none
LA03243,none,,False,0.54,passed,False,irrigation source
LA03244,none,,False,4.0,passed,False,none
LA03245,procedural,the local women's self-help group,False,1.33,passed,False,irrigation source
LA03246,none,,True,0.18,passed,True,irrigation source
LA03247,fundamental,tenant cultivators;representatives of the Scheduled Tribe community,False,0.09,rejected,False,none
LA03248,fundamental,landowning farmers;agricultural labourers;local shopkeepers and traders,False,0.55,rejected,True,none
LA03249,none,,False,0.21,passed,False,none
LA03250,procedural,tenant cultivators;elected Panchayat members,False,0.23,deferred,False,grazing commons
LA03251,none,,False,0.56,passed,False,none
LA03252,procedural,tenant cultivators,False,1.04,deferred,False,none
LA03253,none,,False,0.71,passed,False,grazing commons
LA03254,procedural,representatives of the Scheduled Tribe community,False,0.3,rejected,False,none
LA03255,none,,False,1.14,passed,False,irrigation source
LA03256,none,,False,0.62,passed,True,none
LA03257,procedural,agricultural labourers;representatives of the Scheduled Tribe community,False,0.69,rejected,False,none
LA03258,procedural,elected Panchayat members;landowning farmers,True,0.69,deferred,False,none
LA03259,none,,True,0.57,passed,False,none
LA03260,none,,False,0.61,passed,False,none
LA03261,fundamental,landowning farmers;representatives of the Scheduled Tribe community,False,0.73,deferred,True,sacred grove
LA03262,procedural,agricultural labourers,True,0.05,passed,True,none
LA03263,none,,True,0.86,passed,False,none
LA03264,none,,False,0.45,passed,False,none
LA03265,fundamental,tenant cultivators,False,0.21,deferred,True,irrigation source
LA03266,procedural,landowning farmers;the local women's self-help group;agricultural labourers,False,0.48,passed,False,none
LA03267,procedural,landowning farmers;agricultural labourers;tenant cultivators,False,1.14,passed,False,grazing commons
LA03268,none,,False,0.43,passed,False,none
LA03269,procedural,elected Panchayat members;tenant cultivators;representatives of the Scheduled Tribe community,False,1.6,passed,False,none
LA03270,none,,False,0.25,passed,False,none
LA03271,procedural,landowning farmers,False,0.59,passed,False,none
LA03272,none,,False,0.5,passed,False,none
LA03273,procedural,tenant cultivators;agricultural labourers,False,0.24,passed,False,none
LA03274,none,,False,0.54,passed,True,none
LA03275,none,,True,0.77,passed,False,none
LA03276,procedural,the local women's self-help group;elected Panchayat members,True,0.9,passed,True,none
LA03277,procedural,agricultural labourers,False,0.65,passed,False,none
LA03278,fundamental,representatives of the Scheduled Tribe community;agricultural labourers;elected Panchayat members,True,1.14,deferred,True,none
LA03279,fundamental,representatives of the Scheduled Tribe community;agricultural labourers;elected Panchayat members,False,1.01,rejected,False,none
LA03280,none,,True,0.09,passed,False,none
LA03281,procedural,landowning farmers;agricultural labourers,True,0.56,passed,False,irrigation source
LA03282,none,,False,0.38,passed,False,none
LA03283,none,,False,0.8,passed,False,grazing commons
LA03284,fundamental,the local women's self-help group;elected Panchayat members,True,0.99,deferred,True,none
LA03285,procedural,elected Panchayat members;landowning farmers;the local women's self-help group,False,0.92,deferred,True,none
LA03286,fundamental,the local women's self-help group;local shopkeepers and traders;agricultural labourers,False,0.18,rejected,False,none
LA03287,none,,False,0.61,passed,False,none
LA03288,none,,True,0.65,passed,True,community water tank
LA03289,fundamental,elected Panchayat members;tenant cultivators;representatives of the Scheduled Tribe community,False,0.16,rejected,True,irrigation source
LA03290,procedural,landowning farmers;the local women's self-help group;elected Panchayat members,False,4.0,passed,False,none
LA03291,fundamental,local shopkeepers and traders,False,0.69,rejected,False,none
LA03292,none,,False,0.39,passed,False,none
LA03293,none,,True,0.76,passed,False,none
LA03294,procedural,tenant cultivators;the local women's self-help group,True,0.49,rejected,False,none
LA03295,none,,False,0.6,passed,False,none
LA03296,none,,False,0.41,passed,False,none
LA03297,none,,False,0.77,passed,False,none
LA03298,none,,True,0.47,passed,False,none
LA03299,none,,False,0.65,passed,True,none
LA03300,none,,False,0.42,passed,False,none
LA03301,none,,True,2.67,passed,False,none
LA03302,none,,False,0.25,passed,False,none
LA03303,fundamental,agricultural labourers;representatives of the Scheduled Tribe community,False,0.76,rejected,True,none
LA03304,none,,False,0.69,passed,False,community water tank
LA03305,procedural,landowning farmers,False,1.07,passed,False,none
LA03306,procedural,representatives of the Scheduled Tribe community;agricultural labourers;the local women's self-help group,False,0.2,passed,False,none
LA03307,none,,False,1.0,passed,False,none
LA03308,procedural,elected Panchayat members,False,0.35,deferred,False,none
LA03309,fundamental,representatives of the Scheduled Tribe community;tenant cultivators;agricultural labourers,False,0.33,rejected,True,none
LA03310,none,,False,4.0,passed,False,burial ground
LA03311,fundamental,agricultural labourers,False,0.92,rejected,False,none
LA03312,none,,True,0.73,deferred,False,grazing commons
LA03313,procedural,elected Panchayat members,True,0.13,deferred,False,community water tank
LA03314,fundamental,elected Panchayat members,False,0.6,deferred,True,sacred grove
LA03315,procedural,representatives of the Scheduled Tribe community;landowning farmers;the local women's self-help group,False,0.96,deferred,False,irrigation source
LA03316,none,,False,1.13,passed,False,none
LA03317,none,,False,0.56,passed,False,none
LA03318,none,,True,0.49,passed,False,none
LA03319,procedural,landowning farmers;tenant cultivators,True,0.7,deferred,False,none
LA03320,none,,False,0.38,passed,False,none
LA03321,fundamental,landowning farmers,True,0.46,passed,True,none
LA03322,fundamental,landowning farmers;local shopkeepers and traders,False,1.18,deferred,True,none
LA03323,fundamental,agricultural labourers;representatives of the Scheduled Tribe community,False,0.92,passed,False,none
LA03324,fundamental,landowning farmers;agricultural labourers,True,0.7,rejected,False,none
LA03325,fundamental,landowning farmers,False,0.57,passed,False,none
LA03326,none,,True,0.39,passed,False,irrigation source
LA03327,fundamental,agricultural labourers;tenant cultivators,False,0.27,passed,False,none
LA03328,procedural,local shopkeepers and traders;tenant cultivators,False,0.36,deferred,False,grazing commons
LA03329,none,,True,0.43,passed,False,none
LA03330,procedural,local shopkeepers and traders;tenant cultivators;landowning farmers,True,1.19,passed,False,none
LA03331,none,,False,0.47,deferred,False,none
LA03332,fundamental,representatives of the Scheduled Tribe community;landowning farmers;local shopkeepers and traders,False,0.69,passed,True,none
LA03333,none,,False,0.32,deferred,False,grazing commons
LA03334,procedural,agricultural labourers;tenant cultivators,False,0.83,passed,False,none
LA03335,procedural,the local women's self-help group;local shopkeepers and traders;agricultural labourers,True,1.0,deferred,True,none
LA03336,fundamental,local shopkeepers and traders,False,0.69,passed,False,none
LA03337,procedural,local shopkeepers and traders,False,8.0,passed,False,none
LA03338,procedural,landowning farmers,False,0.54,passed,False,sacred grove
LA03339,none,,False,0.43,passed,True,grazing commons
LA03340,none,,False,0.54,deferred,False,community water tank
LA03341,procedural,agricultural labourers,False,1.04,passed,False,none
LA03342,fundamental,representatives of the Scheduled Tribe community;agricultural labourers,True,0.8,passed,True,sacred grove
LA03343,none,,True,0.73,passed,True,none
LA03344,none,,False,0.89,passed,False,grazing commons
LA03345,none,,True,0.27,passed,False,none
LA03346,procedural,landowning farmers;representatives of the Scheduled Tribe community,False,0.66,passed,False,grazing commons
LA03347,fundamental,landowning farmers;tenant cultivators;local shopkeepers and traders,False,0.87,rejected,False,none
LA03348,none,,False,0.54,passed,True,none
LA03349,procedural,representatives of the Scheduled Tribe community;elected Panchayat members,True,0.9,passed,False,none
LA03350,none,,True,0.65,passed,False,none
LA03351,none,,True,1.0,passed,False,none
LA03352,procedural,agricultural labourers,False,0.6,rejected,False,community water tank
LA03353,none,,False,1.0,passed,False,none
LA03354,fundamental,representatives of the Scheduled Tribe community;elected Panchayat members,False,1.0,passed,False,sacred grove
LA03355,procedural,tenant cultivators;landowning farmers,False,0.5,deferred,True,none
LA03356,fundamental,tenant cultivators;agricultural labourers;the local women's self-help group,True,0.63,deferred,False,none
LA03357,procedural,tenant cultivators;landowning farmers;elected Panchayat members,False,0.34,rejected,True,none
LA03358,procedural,the local women's self-help group;tenant cultivators,False,0.18,deferred,False,none
LA03359,procedural,tenant cultivators;the local women's self-help group;landowning farmers,True,0.5,deferred,False,community water tank
LA03360,fundamental,tenant cultivators,False,0.2,rejected,False,community water tank
LA03361,none,,False,0.99,passed,False,burial ground
LA03362,none,,False,0.85,deferred,True,none
LA03363,none,,False,0.55,passed,False,none
LA03364,none,,True,0.59,passed,False,none
LA03365,none,,True,0.33,deferred,True,none
LA03366,none,,True,1.17,passed,False,none
LA03367,none,,False,0.44,passed,False,none
LA03368,none,,False,0.61,passed,False,none
LA03369,fundamental,representatives of the Scheduled Tribe community,False,1.0,rejected,True,none
LA03370,none,,False,1.04,deferred,True,grazing commons
LA03371,fundamental,agricultural labourers,False,2.0,rejected,True,none
LA03372,none,,False,0.76,passed,False,none
LA03373,fundamental,agricultural labourers;tenant cultivators;the local women's self-help group,False,0.95,rejected,True,none
LA03374,none,,False,1.01,passed,False,irrigation source
LA03375,none,,False,0.35,passed,False,none
LA03376,none,,False,0.52,deferred,False,none
LA03377,none,,False,2.0,passed,False,none
LA03378,none,,True,1.33,passed,False,sacred grove
LA03379,none,,False,0.05,passed,False,none
LA03380,none,,True,0.78,passed,True,none
LA03381,procedural,landowning farmers;representatives of the Scheduled Tribe community,False,0.57,rejected,False,community water tank
LA03382,fundamental,landowning farmers;the local women's self-help group;agricultural labourers,True,0.13,deferred,False,none
LA03383,procedural,the local women's self-help group,False,2.67,passed,False,community water tank
LA03384,fundamental,landowning farmers;the local women's self-help group,False,0.76,rejected,False,grazing commons
LA03385,procedural,landowning farmers,False,0.39,passed,False,none
LA03386,procedural,the local women's self-help group;agricultural labourers,False,0.5,passed,False,none
LA03387,fundamental,tenant cultivators,True,0.82,rejected,False,none
LA03388,procedural,representatives of the Scheduled Tribe community;landowning farmers,False,1.05,passed,False,none
LA03389,fundamental,landowning farmers;tenant cultivators,True,1.05,rejected,True,none
LA03390,none,,False,0.57,deferred,False,sacred grove
LA03391,none,,True,0.57,passed,False,grazing commons
LA03392,none,,True,0.45,passed,False,sacred grove
LA03393,procedural,tenant cultivators;landowning farmers;representatives of the Scheduled Tribe community,False,1.07,deferred,False,burial ground
LA03394,none,,False,0.4,passed,False,grazing commons
LA03395,fundamental,landowning farmers;the local women's self-help group,False,0.64,rejected,True,none
LA03396,none,,False,1.0,passed,False,none
LA03397,procedural,elected Panchayat members;tenant cultivators,True,0.56,passed,False,grazing commons
LA03398,procedural,the local women's self-help group;landowning farmers;representatives of the Scheduled Tribe community,True,0.48,deferred,False,grazing commons
LA03399,fundamental,representatives of the Scheduled Tribe community;landowning farmers;the local women's self-help group,False,1.14,rejected,True,none
LA03400,none,,False,0.71,passed,False,none
LA03401,none,,True,0.13,passed,False,none
LA03402,none,,False,0.73,rejected,False,none
LA03403,procedural,tenant cultivators;agricultural labourers;landowning farmers,False,0.05,passed,False,grazing commons
LA03404,none,,False,0.58,deferred,False,none
LA03405,procedural,agricultural labourers,False,1.33,deferred,False,none
LA03406,none,,True,0.67,passed,False,none
LA03407,procedural,agricultural labourers,False,0.48,deferred,False,irrigation source
LA03408,procedural,representatives of the Scheduled Tribe community;tenant cultivators,True,0.87,deferred,False,none
LA03409,fundamental,local shopkeepers and traders;agricultural labourers,True,0.19,rejected,False,none
LA03410,procedural,the local women's self-help group,False,1.6,rejected,True,irrigation source
LA03411,procedural,tenant cultivators,False,0.52,passed,False,none
LA03412,fundamental,representatives of the Scheduled Tribe community;tenant cultivators,False,0.6,rejected,True,irrigation source
LA03413,none,,True,0.84,passed,False,none
LA03414,none,,False,0.94,rejected,False,none
LA03415,none,,False,0.11,passed,False,none
LA03416,procedural,landowning farmers;agricultural labourers,True,0.91,deferred,True,none
LA03417,none,,True,0.88,passed,False,none
LA03418,fundamental,elected Panchayat members;landowning farmers;tenant cultivators,False,0.27,deferred,False,sacred grove
LA03419,fundamental,representatives of the Scheduled Tribe community;elected Panchayat members;the local women's self-help group,False,0.23,deferred,False,none
LA03420,fundamental,landowning farmers;elected Panchayat members;agricultural labourers,False,0.53,rejected,True,grazing commons
LA03421,procedural,local shopkeepers and traders;agricultural labourers;landowning farmers,False,1.06,rejected,True,none
LA03422,procedural,landowning farmers,False,1.33,deferred,False,community water tank
LA03423,fundamental,landowning farmers;elected Panchayat members,False,4.0,deferred,False,none
LA03424,none,,False,0.22,passed,False,irrigation source
LA03425,procedural,landowning farmers,False,1.18,passed,False,community water tank
LA03426,procedural,landowning farmers,False,0.89,deferred,False,none
LA03427,fundamental,tenant cultivators,False,0.44,rejected,True,none
LA03428,procedural,representatives of the Scheduled Tribe community;local shopkeepers and traders;agricultural labourers,True,0.28,rejected,False,none
LA03429,procedural,elected Panchayat members;landowning farmers,True,0.83,passed,False,irrigation source
LA03430,procedural,the local women's self-help group;representatives of the Scheduled Tribe community;agricultural labourers,False,0.81,rejected,False,none
LA03431,fundamental,tenant cultivators;agricultural labourers,False,0.25,rejected,True,none
LA03432,procedural,the local women's self-help group;tenant cultivators;elected Panchayat members,True,0.19,deferred,False,none
LA03433,procedural,agricultural labourers,False,0.8,passed,False,none
LA03434,fundamental,tenant cultivators;landowning farmers,True,0.29,deferred,False,none
LA03435,procedural,landowning farmers;local shopkeepers and traders;agricultural labourers,False,0.57,passed,False,none
LA03436,none,,True,0.7,passed,False,none
LA03437,procedural,tenant cultivators;landowning farmers,True,2.67,deferred,False,none
LA03438,none,,False,0.56,passed,False,none
LA03439,procedural,agricultural labourers,False,0.17,deferred,False,grazing commons
LA03440,fundamental,agricultural labourers;representatives of the Scheduled Tribe community;landowning farmers,False,4.0,rejected,True,none
LA03441,none,,True,1.6,rejected,False,grazing commons
LA03442,none,,False,1.01,deferred,False,grazing commons
LA03443,procedural,tenant cultivators;landowning farmers;representatives of the Scheduled Tribe community,True,1.06,passed,False,none
LA03444,procedural,tenant cultivators;agricultural labourers;landowning farmers,False,0.25,passed,False,none
LA03445,procedural,representatives of the Scheduled Tribe community;local shopkeepers and traders,False,0.46,deferred,True,none
LA03446,none,,True,0.3,passed,False,none
LA03447,fundamental,tenant cultivators;landowning farmers,False,0.95,rejected,True,none
LA03448,none,,False,0.4,passed,False,none
LA03449,none,,False,1.33,deferred,False,none
LA03450,none,,True,0.72,passed,False,none
LA03451,fundamental,agricultural labourers,False,0.57,rejected,True,grazing commons
LA03452,none,,False,0.48,passed,False,none
LA03453,none,,False,0.64,passed,False,none
LA03454,none,,False,0.52,passed,False,irrigation source
LA03455,none,,False,1.15,rejected,False,none
LA03456,none,,False,0.33,passed,False,none
LA03457,fundamental,landowning farmers,True,0.57,passed,False,none
LA03458,procedural,agricultural labourers;elected Panchayat members;representatives of the Scheduled Tribe community,True,0.6,passed,False,community water tank
LA03459,procedural,local shopkeepers and traders,False,0.73,passed,False,none
LA03460,fundamental,local shopkeepers and traders;landowning farmers,False,0.89,deferred,False,none
LA03461,fundamental,landowning farmers,False,0.8,passed,True,none
LA03462,procedural,elected Panchayat members,True,0.54,passed,False,none
LA03463,procedural,tenant cultivators,True,0.58,rejected,False,none
LA03464,fundamental,elected Panchayat members,False,0.42,rejected,False,none
LA03465,none,,False,0.73,passed,True,community water tank
LA03466,fundamental,the local women's self-help group;tenant cultivators,True,0.62,rejected,True,none
LA03467,none,,False,0.19,passed,True,none
LA03468,fundamental,tenant cultivators,False,0.6,rejected,True,grazing commons
LA03469,fundamental,landowning farmers;elected Panchayat members;local shopkeepers and traders,False,0.76,deferred,True,community water tank
LA03470,none,,False,0.8,passed,False,none
LA03471,procedural,local shopkeepers and traders;tenant cultivators;landowning farmers,False,0.3,passed,False,none
LA03472,procedural,elected Panchayat members;landowning farmers,False,0.49,deferred,False,none
LA03473,procedural,elected Panchayat members;landowning farmers,False,0.62,deferred,False,none
LA03474,none,,False,0.57,passed,False,none
LA03475,none,,False,0.48,passed,False,none
LA03476,none,,True,0.56,deferred,True,none
LA03477,none,,False,0.89,deferred,False,community water tank
LA03478,none,,False,0.77,passed,False,irrigation source
LA03479,fundamental,landowning farmers;tenant cultivators;elected Panchayat members,False,0.77,rejected,False,none
LA03480,none,,False,0.46,passed,False,none
LA03481,fundamental,agricultural labourers,False,0.28,deferred,True,none
LA03482,procedural,agricultural labourers;landowning farmers;elected Panchayat members,False,0.54,deferred,False,none
LA03483,fundamental,tenant cultivators;agricultural labourers;the local women's self-help group,False,0.51,deferred,True,none
LA03484,procedural,the local women's self-help group,False,1.06,deferred,False,none
LA03485,none,,False,0.88,deferred,False,none
LA03486,none,,False,0.62,passed,False,none
LA03487,fundamental,landowning farmers;agricultural labourers;local shopkeepers and traders,False,0.48,rejected,False,none
LA03488,none,,False,0.67,passed,True,none
LA03489,procedural,landowning farmers,False,0.32,deferred,False,none
LA03490,none,,True,0.6,passed,False,none
LA03491,fundamental,representatives of the Scheduled Tribe community;local shopkeepers and traders;landowning farmers,False,0.61,rejected,True,none
LA03492,none,,True,0.49,passed,False,none
LA03493,none,,False,0.48,passed,False,none
LA03494,none,,False,1.33,passed,False,grazing commons
LA03495,procedural,agricultural labourers;tenant cultivators,False,0.37,passed,False,none
LA03496,procedural,the local women's self-help group;agricultural labourers,False,0.31,deferred,False,none
LA03497,fundamental,agricultural labourers;elected Panchayat members;the local women's self-help group,True,0.4,deferred,True,grazing commons
LA03498,procedural,landowning farmers;agricultural labourers,False,0.35,passed,False,irrigation source
LA03499,fundamental,agricultural labourers;local shopkeepers and traders,False,0.19,passed,True,sacred grove
LA03500,none,,False,0.5,passed,False,none
LA03501,none,,False,0.63,passed,False,sacred grove
LA03502,none,,False,0.48,passed,False,none
LA03503,procedural,representatives of the Scheduled Tribe community,True,0.65,rejected,False,none
LA03504,none,,False,0.62,passed,False,irrigation source
LA03505,fundamental,landowning farmers;tenant cultivators;agricultural labourers,True,0.53,deferred,True,none
LA03506,fundamental,the local women's self-help group;representatives of the Scheduled Tribe community,False,0.59,deferred,False,none
LA03507,none,,False,1.14,passed,False,none
LA03508,fundamental,the local women's self-help group;landowning farmers;elected Panchayat members,False,0.8,rejected,False,none
LA03509,none,,False,0.74,passed,False,grazing commons
LA03510,none,,True,0.89,passed,False,none
LA03511,none,,False,0.64,deferred,False,irrigation source
LA03512,procedural,elected Panchayat members,False,1.01,deferred,False,none
LA03513,procedural,elected Panchayat members;landowning farmers;representatives of the Scheduled Tribe community,False,0.52,deferred,False,none
LA03514,procedural,agricultural labourers,False,0.88,passed,True,none
LA03515,fundamental,local shopkeepers and traders,True,0.68,deferred,True,grazing commons
LA03516,fundamental,agricultural labourers;landowning farmers;representatives of the Scheduled Tribe community,False,0.59,deferred,False,none
LA03517,fundamental,tenant cultivators;landowning farmers;representatives of the Scheduled Tribe community,True,1.33,rejected,True,irrigation source
LA03518,fundamental,landowning farmers;agricultural labourers;local shopkeepers and traders,False,0.42,passed,True,grazing commons
LA03519,fundamental,landowning farmers,False,0.3,rejected,True,none
LA03520,procedural,tenant cultivators;representatives of the Scheduled Tribe community;local shopkeepers and traders,False,0.49,deferred,False,community water tank
LA03521,none,,False,0.4,deferred,False,none
LA03522,none,,True,0.82,passed,False,none
LA03523,fundamental,agricultural labourers;local shopkeepers and traders,False,1.33,rejected,True,none
LA03524,procedural,representatives of the Scheduled Tribe community;agricultural labourers;landowning farmers,False,1.11,passed,False,none
LA03525,fundamental,elected Panchayat members;agricultural labourers,True,0.81,passed,False,grazing commons
LA03526,fundamental,agricultural labourers;elected Panchayat members;landowning farmers,False,0.77,deferred,False,irrigation source
LA03527,procedural,elected Panchayat members;landowning farmers,False,0.67,passed,False,none
LA03528,procedural,representatives of the Scheduled Tribe community,True,0.05,passed,False,none
LA03529,none,,False,2.0,passed,False,none
LA03530,none,,False,0.81,passed,False,irrigation source
LA03531,procedural,landowning farmers,True,0.78,passed,False,none
LA03532,none,,False,0.65,passed,False,none
LA03533,procedural,tenant cultivators,True,0.49,passed,False,none
LA03534,none,,False,0.67,deferred,False,none
LA03535,fundamental,landowning farmers,False,0.09,rejected,False,none
LA03536,procedural,representatives of the Scheduled Tribe community;agricultural labourers,True,0.48,passed,False,none
LA03537,none,,False,0.66,passed,False,grazing commons
LA03538,procedural,agricultural labourers;landowning farmers;the local women's self-help group,False,0.05,deferred,False,community water tank
LA03539,fundamental,local shopkeepers and traders;elected Panchayat members,False,0.25,rejected,False,irrigation source
LA03540,procedural,tenant cultivators;the local women's self-help group,True,0.52,deferred,False,community water tank
LA03541,none,,True,0.71,deferred,True,none
LA03542,procedural,tenant cultivators;agricultural labourers,True,2.0,passed,False,none
LA03543,procedural,tenant cultivators,False,0.39,passed,False,grazing commons
LA03544,none,,False,0.81,deferred,False,none
LA03545,none,,False,0.45,passed,False,none
LA03546,procedural,the local women's self-help group;tenant cultivators;agricultural labourers,False,0.64,deferred,False,none
LA03547,procedural,tenant cultivators;local shopkeepers and traders;representatives of the Scheduled Tribe community,False,0.75,deferred,False,irrigation source
LA03548,fundamental,tenant cultivators;elected Panchayat members;representatives of the Scheduled Tribe community,False,0.62,deferred,True,none
LA03549,fundamental,elected Panchayat members,False,0.53,deferred,False,none
LA03550,none,,False,0.51,passed,True,none
LA03551,none,,False,0.48,passed,False,burial ground
LA03552,none,,False,0.39,passed,False,none
LA03553,none,,False,0.55,passed,False,none
LA03554,procedural,landowning farmers,False,0.37,passed,False,none
LA03555,none,,False,0.74,passed,False,none
LA03556,none,,True,2.67,passed,True,none
LA03557,none,,False,0.67,passed,False,grazing commons
LA03558,none,,False,0.73,deferred,False,none
LA03559,procedural,tenant cultivators;the local women's self-help group,False,0.54,passed,False,none
LA03560,fundamental,landowning farmers;agricultural labourers,False,0.8,passed,True,none
LA03561,procedural,elected Panchayat members,False,0.71,deferred,False,irrigation source
LA03562,procedural,elected Panchayat members;landowning farmers,False,0.71,deferred,True,community water tank
LA03563,none,,True,1.12,passed,False,none
LA03564,procedural,landowning farmers,False,0.68,deferred,False,none
LA03565,procedural,representatives of the Scheduled Tribe community,True,0.95,passed,True,none
LA03566,fundamental,representatives of the Scheduled Tribe community,False,0.64,rejected,False,sacred grove
LA03567,none,,False,0.15,passed,False,grazing commons
LA03568,none,,False,0.62,passed,False,irrigation source
LA03569,procedural,elected Panchayat members;representatives of the Scheduled Tribe community,False,0.59,deferred,False,none
LA03570,procedural,agricultural labourers;tenant cultivators,False,4.0,deferred,False,irrigation source
LA03571,procedural,tenant cultivators;landowning farmers,False,0.62,passed,False,none
LA03572,none,,True,0.45,passed,True,none
LA03573,procedural,tenant cultivators;the local women's self-help group;elected Panchayat members,False,0.53,deferred,False,none
LA03574,procedural,tenant cultivators;the local women's self-help group,True,0.67,rejected,False,none
LA03575,procedural,representatives of the Scheduled Tribe community;landowning farmers;agricultural labourers,True,0.82,deferred,False,none
LA03576,none,,False,0.67,passed,False,none
LA03577,fundamental,elected Panchayat members;agricultural labourers,False,0.9,passed,False,none
LA03578,procedural,local shopkeepers and traders;landowning farmers;agricultural labourers,False,0.6,passed,False,none
LA03579,fundamental,landowning farmers;elected Panchayat members;representatives of the Scheduled Tribe community,False,0.61,passed,True,none
LA03580,procedural,tenant cultivators;representatives of the Scheduled Tribe community;landowning farmers,True,0.5,passed,False,none
LA03581,procedural,agricultural labourers,True,0.55,deferred,True,none
LA03582,procedural,landowning farmers,False,0.51,passed,False,none
LA03583,none,,False,0.76,passed,False,irrigation source
LA03584,fundamental,landowning farmers;tenant cultivators;representatives of the Scheduled Tribe community,False,0.62,rejected,True,none
LA03585,fundamental,elected Panchayat members;agricultural labourers;landowning farmers,False,0.55,deferred,False,none
LA03586,procedural,the local women's self-help group;representatives of the Scheduled Tribe community,False,0.36,deferred,False,none
LA03587,none,,False,0.55,passed,False,none
LA03588,procedural,landowning farmers;elected Panchayat members;tenant cultivators,False,0.8,rejected,True,none
LA03589,procedural,landowning farmers;the local women's self-help group,False,0.91,deferred,False,none
LA03590,none,,False,0.68,passed,False,none
LA03591,fundamental,landowning farmers,False,0.33,rejected,True,none
LA03592,fundamental,elected Panchayat members,False,0.73,rejected,False,none
LA03593,fundamental,local shopkeepers and traders;tenant cultivators;landowning farmers,True,0.09,deferred,True,none
LA03594,fundamental,agricultural labourers;representatives of the Scheduled Tribe community,False,0.61,deferred,True,irrigation source
LA03595,none,,True,0.62,passed,True,irrigation source
LA03596,none,,False,0.47,passed,False,none
LA03597,procedural,representatives of the Scheduled Tribe community,False,0.53,deferred,False,none
LA03598,none,,False,0.17,passed,False,none
LA03599,none,,False,0.7,passed,False,community water tank
LA03600,procedural,elected Panchayat members;agricultural labourers;landowning farmers,False,0.47,deferred,True,community water tank
LA03601,procedural,landowning farmers,True,0.35,passed,False,community water tank
LA03602,fundamental,tenant cultivators;agricultural labourers;landowning farmers,False,0.86,deferred,True,none
LA03603,none,,False,0.26,passed,False,none
LA03604,none,,False,0.4,deferred,False,none
LA03605,procedural,representatives of the Scheduled Tribe community;landowning farmers,True,0.39,passed,False,none
LA03606,procedural,representatives of the Scheduled Tribe community;landowning farmers;tenant cultivators,False,0.83,passed,False,none
LA03607,fundamental,the local women's self-help group,True,0.24,deferred,True,none
LA03608,none,,False,0.2,passed,True,grazing commons
LA03609,fundamental,tenant cultivators,False,0.42,passed,False,none
LA03610,fundamental,elected Panchayat members,False,0.34,rejected,False,none
LA03611,procedural,tenant cultivators,False,0.35,deferred,False,none
LA03612,none,,False,0.16,deferred,True,none
LA03613,none,,True,0.43,passed,False,none
LA03614,procedural,local shopkeepers and traders,False,0.72,deferred,False,none
LA03615,fundamental,local shopkeepers and traders;elected Panchayat members,False,0.4,rejected,True,none
LA03616,fundamental,tenant cultivators,True,0.69,rejected,False,none
LA03617,none,,False,0.62,passed,False,none
LA03618,fundamental,tenant cultivators;local shopkeepers and traders,True,4.0,deferred,True,none
LA03619,none,,False,0.39,passed,False,none
LA03620,none,,False,0.95,passed,False,none
LA03621,procedural,local shopkeepers and traders,False,1.1,passed,False,none
LA03622,fundamental,tenant cultivators;landowning farmers;local shopkeepers and traders,False,0.42,rejected,True,none
LA03623,procedural,elected Panchayat members,False,0.92,deferred,False,none
LA03624,procedural,local shopkeepers and traders;landowning farmers,False,0.59,deferred,True,none
LA03625,procedural,local shopkeepers and traders,False,0.59,passed,False,none
LA03626,none,,False,0.57,passed,False,none
LA03627,none,,False,0.62,deferred,False,none
LA03628,procedural,agricultural labourers;the local women's self-help group,True,0.52,deferred,False,none
LA03629,fundamental,representatives of the Scheduled Tribe community;the local women's self-help group,False,0.1,rejected,True,none
LA03630,procedural,tenant cultivators;agricultural labourers,False,0.18,deferred,False,none
LA03631,none,,False,0.52,passed,False,none
LA03632,none,,False,0.6,passed,False,none
LA03633,procedural,agricultural labourers,True,0.67,passed,False,irrigation source
LA03634,procedural,representatives of the Scheduled Tribe community;elected Panchayat members;landowning farmers,True,0.27,passed,False,none
LA03635,none,,True,0.73,passed,False,none
LA03636,none,,False,4.0,deferred,False,sacred grove
LA03637,procedural,local shopkeepers and traders;agricultural labourers;representatives of the Scheduled Tribe community,False,0.54,deferred,False,none
LA03638,none,,False,0.42,passed,False,none
LA03639,procedural,elected Panchayat members;representatives of the Scheduled Tribe community;landowning farmers,False,0.73,deferred,True,none
LA03640,fundamental,local shopkeepers and traders;landowning farmers,False,0.5,passed,False,community water tank
LA03641,none,,False,0.55,deferred,False,community water tank
LA03642,none,,False,0.98,passed,False,none
LA03643,none,,False,0.61,passed,False,none
LA03644,fundamental,tenant cultivators;elected Panchayat members,False,0.55,deferred,False,none
LA03645,fundamental,landowning farmers;representatives of the Scheduled Tribe community;local shopkeepers and traders,False,0.7,rejected,True,none
LA03646,none,,False,0.95,deferred,False,none
LA03647,procedural,tenant cultivators;representatives of the Scheduled Tribe community,False,0.29,passed,False,none
LA03648,none,,True,0.83,passed,False,none
LA03649,procedural,landowning farmers;agricultural labourers,False,0.53,deferred,False,none
LA03650,procedural,elected Panchayat members;tenant cultivators;agricultural labourers,False,0.42,passed,False,none
LA03651,none,,False,0.45,passed,False,irrigation source
LA03652,none,,False,0.5,passed,False,community water tank
LA03653,none,,False,0.57,passed,False,none
LA03654,fundamental,representatives of the Scheduled Tribe community,False,0.76,rejected,False,none
LA03655,none,,False,0.89,deferred,False,none
LA03656,fundamental,elected Panchayat members;representatives of the Scheduled Tribe community,False,0.22,deferred,False,sacred grove
LA03657,none,,False,1.0,passed,False,none
LA03658,fundamental,elected Panchayat members;the local women's self-help group,False,0.86,rejected,False,none
LA03659,none,,False,0.49,passed,False,none
LA03660,fundamental,elected Panchayat members;tenant cultivators;landowning farmers,False,0.22,deferred,False,none
LA03661,none,,False,0.7,passed,False,none
LA03662,procedural,representatives of the Scheduled Tribe community;landowning farmers;agricultural labourers,False,0.36,deferred,False,none
LA03663,procedural,landowning farmers;elected Panchayat members,False,0.68,deferred,True,none
LA03664,none,,False,0.77,passed,False,none
LA03665,procedural,landowning farmers;tenant cultivators,False,1.33,rejected,False,community water tank
LA03666,none,,False,1.0,passed,False,none
LA03667,fundamental,landowning farmers;elected Panchayat members;agricultural labourers,False,0.56,passed,False,none
LA03668,none,,False,4.0,passed,False,none
LA03669,procedural,elected Panchayat members;tenant cultivators;local shopkeepers and traders,False,0.8,deferred,False,none
LA03670,none,,False,0.79,passed,False,none
LA03671,procedural,local shopkeepers and traders;the local women's self-help group,False,1.15,passed,True,none
LA03672,none,,False,1.17,passed,False,irrigation source
LA03673,fundamental,landowning farmers;representatives of the Scheduled Tribe community,False,0.52,rejected,True,none
LA03674,none,,False,0.35,passed,False,grazing commons
LA03675,fundamental,the local women's self-help group;elected Panchayat members,True,0.89,rejected,True,none
LA03676,fundamental,elected Panchayat members;landowning farmers;the local women's self-help group,False,0.34,deferred,False,grazing commons
LA03677,fundamental,landowning farmers;elected Panchayat members;tenant cultivators,False,0.48,deferred,False,none
LA03678,fundamental,agricultural labourers;elected Panchayat members,True,0.11,deferred,True,grazing commons
LA03679,procedural,agricultural labourers,False,1.14,passed,False,none
LA03680,procedural,landowning farmers;agricultural labourers,True,0.47,deferred,False,none
LA03681,none,,False,0.06,passed,False,irrigation source
LA03682,procedural,agricultural labourers,False,0.33,passed,False,irrigation source
LA03683,fundamental,representatives of the Scheduled Tribe community,False,0.9,deferred,False,none
LA03684,fundamental,local shopkeepers and traders;elected Panchayat members;landowning farmers,False,0.16,rejected,True,none
LA03685,procedural,tenant cultivators,True,0.89,deferred,False,none
LA03686,procedural,the local women's self-help group,False,0.61,deferred,False,none
LA03687,procedural,representatives of the Scheduled Tribe community;tenant cultivators;elected Panchayat members,False,0.52,passed,False,none
LA03688,procedural,local shopkeepers and traders,True,2.0,rejected,False,none
LA03689,none,,False,0.6,passed,False,none
LA03690,none,,False,0.83,passed,False,none
LA03691,procedural,elected Panchayat members;landowning farmers;the local women's self-help group,False,1.08,deferred,False,none
LA03692,fundamental,tenant cultivators,True,0.41,deferred,True,sacred grove
LA03693,procedural,representatives of the Scheduled Tribe community;elected Panchayat members,False,0.89,passed,True,none
LA03694,procedural,local shopkeepers and traders;agricultural labourers,False,0.36,deferred,False,none
LA03695,none,,False,0.5,passed,False,none
LA03696,procedural,elected Panchayat members;agricultural labourers;landowning farmers,False,1.33,deferred,False,none
LA03697,procedural,the local women's self-help group;landowning farmers,False,0.6,passed,False,burial ground
LA03698,none,,False,1.09,passed,False,none
LA03699,procedural,elected Panchayat members;the local women's self-help group;representatives of the Scheduled Tribe community,False,0.5,deferred,False,none
LA03700,procedural,agricultural labourers;tenant cultivators;local shopkeepers and traders,False,0.13,passed,True,none
LA03701,fundamental,local shopkeepers and traders,False,2.67,rejected,False,none
LA03702,procedural,representatives of the Scheduled Tribe community;landowning farmers,False,0.88,passed,False,sacred grove
LA03703,procedural,the local women's self-help group,False,0.94,deferred,False,none
LA03704,none,,False,0.05,passed,False,none
LA03705,none,,False,0.66,passed,True,irrigation source
LA03706,procedural,landowning farmers;elected Panchayat members,False,0.43,deferred,False,none
LA03707,none,,False,0.73,deferred,False,irrigation source
LA03708,none,,False,0.47,passed,False,grazing commons
LA03709,procedural,elected Panchayat members;the local women's self-help group,True,0.74,passed,True,none
LA03710,none,,False,0.62,passed,False,community water tank
LA03711,none,,False,0.5,passed,False,none
LA03712,procedural,the local women's self-help group,False,0.58,passed,True,none
LA03713,none,,True,0.67,passed,False,none
LA03714,fundamental,representatives of the Scheduled Tribe community;landowning farmers,False,0.45,rejected,False,none
LA03715,none,,False,0.31,deferred,False,none
LA03716,none,,False,0.58,deferred,False,none
LA03717,none,,True,0.65,passed,True,none
LA03718,none,,False,1.0,passed,True,none
LA03719,none,,False,0.44,passed,False,grazing commons
LA03720,fundamental,representatives of the Scheduled Tribe community;agricultural labourers,False,0.75,rejected,True,none
LA03721,procedural,tenant cultivators;local shopkeepers and traders;landowning farmers,False,0.69,rejected,False,none
LA03722,fundamental,tenant cultivators;the local women's self-help group;elected Panchayat members,False,0.29,deferred,False,none
LA03723,fundamental,local shopkeepers and traders;the local women's self-help group,True,0.38,passed,False,none
LA03724,none,,False,0.55,passed,False,none
LA03725,none,,False,0.56,passed,False,none
LA03726,none,,False,0.68,passed,True,none
LA03727,procedural,agricultural labourers;tenant cultivators;local shopkeepers and traders,False,0.5,rejected,False,none
LA03728,none,,False,0.66,passed,False,community water tank
LA03729,none,,False,0.18,passed,False,none
LA03730,none,,False,0.73,passed,False,none
LA03731,fundamental,tenant cultivators;landowning farmers;the local women's self-help group,False,1.14,rejected,False,none
LA03732,none,,False,0.58,deferred,False,none
LA03733,procedural,landowning farmers;local shopkeepers and traders;tenant cultivators,False,0.47,deferred,False,none
LA03734,none,,False,0.8,rejected,False,none
LA03735,none,,False,0.53,passed,False,none
LA03736,fundamental,agricultural labourers,False,0.85,rejected,False,irrigation source
LA03737,fundamental,landowning farmers;representatives of the Scheduled Tribe community;local shopkeepers and traders,False,0.52,deferred,True,none
LA03738,procedural,agricultural labourers;tenant cultivators,True,0.56,passed,False,none
LA03739,fundamental,landowning farmers,True,0.43,rejected,False,none
LA03740,fundamental,agricultural labourers,False,0.7,rejected,False,none
LA03741,none,,False,0.81,passed,False,irrigation source
LA03742,none,,False,1.33,passed,False,none
LA03743,none,,False,0.32,passed,False,grazing commons
LA03744,none,,True,0.51,deferred,False,none
LA03745,none,,False,0.49,passed,False,none
LA03746,none,,False,0.62,passed,True,none
LA03747,fundamental,the local women's self-help group;tenant cultivators;agricultural labourers,False,0.8,passed,True,none
LA03748,procedural,representatives of the Scheduled Tribe community;agricultural labourers,True,0.67,passed,False,none
LA03749,none,,False,1.12,passed,False,none
LA03750,none,,False,0.59,passed,False,irrigation source
LA03751,procedural,tenant cultivators;landowning farmers,False,0.45,passed,True,none
LA03752,none,,False,0.52,passed,False,grazing commons
LA03753,procedural,landowning farmers;elected Panchayat members;the local women's self-help group,False,0.26,rejected,True,none
LA03754,procedural,landowning farmers;local shopkeepers and traders,False,0.48,passed,False,none
LA03755,none,,False,0.51,passed,False,none
LA03756,none,,False,0.43,passed,False,none
LA03757,procedural,landowning farmers;agricultural labourers,True,0.47,deferred,False,community water tank
LA03758,fundamental,representatives of the Scheduled Tribe community,True,0.3,rejected,False,none
LA03759,none,,False,0.44,passed,False,grazing commons
LA03760,procedural,local shopkeepers and traders;representatives of the Scheduled Tribe community;tenant cultivators,False,0.44,deferred,False,none
LA03761,fundamental,the local women's self-help group;agricultural labourers;local shopkeepers and traders,False,0.28,deferred,True,none
LA03762,none,,False,0.66,passed,False,none
LA03763,fundamental,landowning farmers;tenant cultivators;representatives of the Scheduled Tribe community,False,0.5,rejected,True,none
LA03764,procedural,elected Panchayat members;local shopkeepers and traders;agricultural labourers,False,0.16,passed,True,irrigation source
LA03765,none,,False,0.41,passed,False,grazing commons
LA03766,none,,False,2.0,deferred,False,none
LA03767,procedural,the local women's self-help group,False,0.44,rejected,False,none
LA03768,none,,False,0.63,passed,False,none
LA03769,fundamental,landowning farmers;elected Panchayat members,False,0.57,rejected,False,none
LA03770,none,,False,0.44,passed,False,none
LA03771,procedural,the local women's self-help group;representatives of the Scheduled Tribe community,False,1.0,deferred,True,none
LA03772,none,,False,0.75,passed,False,none
LA03773,fundamental,tenant cultivators,False,1.14,deferred,True,none
LA03774,fundamental,agricultural labourers;elected Panchayat members;tenant cultivators,False,0.39,rejected,False,none
LA03775,none,,False,0.59,deferred,False,none
LA03776,none,,True,0.29,passed,False,none
LA03777,procedural,the local women's self-help group;tenant cultivators;representatives of the Scheduled Tribe community,False,1.26,deferred,False,sacred grove
LA03778,fundamental,elected Panchayat members,False,0.53,deferred,True,none
LA03779,none,,True,0.28,rejected,False,none
LA03780,fundamental,agricultural labourers;local shopkeepers and traders;landowning farmers,False,0.81,passed,False,sacred grove
LA03781,none,,False,1.0,deferred,False,none
LA03782,none,,False,2.0,passed,False,grazing commons
LA03783,none,,False,0.75,passed,False,none
LA03784,none,,False,0.33,passed,True,none
LA03785,none,,False,0.05,passed,False,none
LA03786,fundamental,local shopkeepers and traders,False,0.47,rejected,True,none
LA03787,fundamental,agricultural labourers;landowning farmers,False,0.91,deferred,True,none
LA03788,none,,True,0.41,passed,False,none
LA03789,procedural,agricultural labourers;elected Panchayat members,False,0.37,rejected,False,irrigation source
LA03790,procedural,local shopkeepers and traders;tenant cultivators;representatives of the Scheduled Tribe community,True,0.06,deferred,False,none
LA03791,fundamental,tenant cultivators,False,2.67,deferred,True,none
LA03792,none,,True,1.05,passed,False,none
LA03793,none,,False,0.37,deferred,True,none
LA03794,none,,False,0.56,passed,False,none
LA03795,fundamental,tenant cultivators;landowning farmers,False,0.24,deferred,False,none
LA03796,none,,False,1.0,rejected,False,irrigation source
LA03797,none,,False,0.54,passed,True,none
LA03798,none,,False,0.75,deferred,False,none
LA03799,none,,False,0.44,passed,False,irrigation source
LA03800,none,,False,0.47,passed,False,none
LA03801,none,,False,0.53,deferred,False,community water tank
LA03802,fundamental,representatives of the Scheduled Tribe community;local shopkeepers and traders,False,0.48,rejected,True,burial ground
LA03803,procedural,landowning farmers,False,0.95,passed,False,none
LA03804,fundamental,representatives of the Scheduled Tribe community,False,1.6,deferred,False,none
LA03805,fundamental,the local women's self-help group;tenant cultivators,False,0.84,rejected,False,none
LA03806,fundamental,the local women's self-help group,True,1.0,rejected,True,none
LA03807,none,,False,0.62,passed,False,none
LA03808,procedural,elected Panchayat members,False,0.89,deferred,True,community water tank
LA03809,none,,False,0.48,passed,False,none
LA03810,fundamental,the local women's self-help group;landowning farmers,False,0.75,passed,True,none
LA03811,none,,False,0.77,passed,False,irrigation source
LA03812,none,,False,0.66,passed,False,none
LA03813,procedural,agricultural labourers;landowning farmers,False,0.93,deferred,False,none
LA03814,procedural,landowning farmers;the local women's self-help group;local shopkeepers and traders,False,0.65,deferred,True,none
LA03815,procedural,local shopkeepers and traders;tenant cultivators,True,0.36,passed,False,grazing commons
LA03816,procedural,tenant cultivators;representatives of the Scheduled Tribe community,False,0.09,deferred,False,sacred grove
LA03817,none,,False,0.62,passed,False,irrigation source
LA03818,procedural,tenant cultivators,False,0.34,deferred,False,none
LA03819,procedural,elected Panchayat members,False,0.11,deferred,False,none
LA03820,procedural,representatives of the Scheduled Tribe community;tenant cultivators,False,0.67,passed,False,none
LA03821,none,,True,0.9,passed,False,none
LA03822,procedural,the local women's self-help group;elected Panchayat members,False,0.48,rejected,False,sacred grove
LA03823,fundamental,agricultural labourers,True,0.59,passed,True,none
LA03824,none,,False,0.56,deferred,True,none
LA03825,none,,False,0.73,passed,False,none
LA03826,none,,True,0.05,passed,False,none
LA03827,procedural,tenant cultivators;representatives of the Scheduled Tribe community;the local women's self-help group,False,0.29,passed,False,none
LA03828,fundamental,agricultural labourers,True,0.85,rejected,False,none
LA03829,none,,False,0.8,passed,False,irrigation source
LA03830,none,,True,0.51,passed,False,none
LA03831,none,,False,0.63,passed,False,community water tank
LA03832,none,,False,1.0,passed,False,irrigation source
LA03833,procedural,tenant cultivators,False,0.32,deferred,False,none
LA03834,fundamental,the local women's self-help group;tenant cultivators;agricultural labourers,False,1.02,rejected,True,sacred grove
LA03835,none,,False,1.08,passed,False,none
LA03836,none,,False,0.33,deferred,False,none
LA03837,none,,False,0.51,passed,False,irrigation source
LA03838,none,,False,0.66,passed,True,grazing commons
LA03839,none,,False,0.39,passed,False,none
LA03840,procedural,elected Panchayat members;agricultural labourers,False,0.91,deferred,False,none
LA03841,procedural,tenant cultivators,True,0.94,passed,False,irrigation source
LA03842,none,,False,0.22,passed,False,community water tank
LA03843,none,,False,0.62,passed,False,none
LA03844,fundamental,landowning farmers,False,1.33,rejected,False,none
LA03845,procedural,agricultural labourers;landowning farmers;local shopkeepers and traders,False,0.69,deferred,False,grazing commons
LA03846,procedural,agricultural labourers;landowning farmers;representatives of the Scheduled Tribe community,True,0.82,rejected,False,none
LA03847,none,,False,0.89,passed,False,none
LA03848,procedural,agricultural labourers;tenant cultivators;the local women's self-help group,True,0.65,passed,False,grazing commons
LA03849,procedural,local shopkeepers and traders;agricultural labourers,False,0.51,deferred,False,none
LA03850,none,,False,0.32,passed,False,none
LA03851,none,,True,0.78,passed,False,irrigation source
LA03852,procedural,representatives of the Scheduled Tribe community,True,0.51,rejected,True,none
LA03853,procedural,the local women's self-help group;agricultural labourers;local shopkeepers and traders,False,0.68,deferred,False,irrigation source
LA03854,none,,False,0.59,passed,False,none
LA03855,fundamental,the local women's self-help group;landowning farmers,False,0.69,rejected,False,none
LA03856,fundamental,representatives of the Scheduled Tribe community,True,0.52,rejected,True,grazing commons
LA03857,none,,False,0.44,passed,False,none
LA03858,procedural,tenant cultivators,False,1.0,passed,False,none
LA03859,procedural,the local women's self-help group;tenant cultivators;landowning farmers,True,0.88,passed,False,none
LA03860,procedural,landowning farmers;representatives of the Scheduled Tribe community,False,0.73,passed,False,none
LA03861,none,,False,0.72,passed,False,community water tank
LA03862,none,,False,0.48,passed,True,none
LA03863,none,,True,0.94,passed,False,none
LA03864,fundamental,landowning farmers,False,0.65,rejected,True,none
LA03865,none,,False,0.78,deferred,False,none
LA03866,none,,False,0.44,passed,False,irrigation source
LA03867,none,,False,0.96,passed,True,none
LA03868,none,,False,0.84,passed,False,none
LA03869,fundamental,representatives of the Scheduled Tribe community;tenant cultivators,True,1.0,rejected,False,community water tank
LA03870,none,,False,0.73,passed,False,none
LA03871,fundamental,representatives of the Scheduled Tribe community;landowning farmers,False,0.63,rejected,False,grazing commons
LA03872,procedural,agricultural labourers;landowning farmers;local shopkeepers and traders,False,0.33,deferred,False,community water tank
LA03873,procedural,agricultural labourers,False,0.5,deferred,False,none
LA03874,none,,False,0.62,passed,False,none
LA03875,none,,False,0.45,deferred,False,none
LA03876,none,,False,0.79,passed,False,none
LA03877,procedural,agricultural labourers,False,0.21,passed,False,none
LA03878,fundamental,agricultural labourers,False,0.52,deferred,False,none
LA03879,fundamental,tenant cultivators;landowning farmers,True,1.0,rejected,False,none
LA03880,procedural,landowning farmers;the local women's self-help group,True,4.0,deferred,True,none
LA03881,none,,True,0.58,passed,True,none
LA03882,none,,False,0.44,passed,False,none
LA03883,fundamental,representatives of the Scheduled Tribe community;tenant cultivators;agricultural labourers,False,0.39,rejected,False,grazing commons
LA03884,procedural,landowning farmers,False,0.67,rejected,False,none
LA03885,procedural,agricultural labourers,False,0.43,deferred,True,burial ground
LA03886,none,,False,0.77,passed,False,none
LA03887,procedural,representatives of the Scheduled Tribe community,False,0.48,passed,True,burial ground
LA03888,procedural,agricultural labourers;tenant cultivators,False,0.78,passed,False,none
LA03889,none,,False,0.5,passed,True,none
LA03890,procedural,representatives of the Scheduled Tribe community,False,0.46,deferred,False,none
LA03891,procedural,local shopkeepers and traders;landowning farmers,False,1.0,passed,False,sacred grove
LA03892,procedural,landowning farmers,False,0.36,passed,False,none
LA03893,procedural,local shopkeepers and traders,False,0.45,passed,False,sacred grove
LA03894,fundamental,elected Panchayat members;tenant cultivators,False,2.67,passed,True,irrigation source
LA03895,procedural,representatives of the Scheduled Tribe community;landowning farmers,False,0.51,passed,False,grazing commons
LA03896,none,,False,0.26,passed,False,none
LA03897,fundamental,landowning farmers,False,0.89,deferred,False,none
LA03898,procedural,tenant cultivators,False,0.56,deferred,False,none
LA03899,none,,False,0.71,passed,False,sacred grove
LA03900,none,,True,0.42,passed,False,community water tank
LA03901,fundamental,local shopkeepers and traders;tenant cultivators,False,0.36,rejected,False,irrigation source
LA03902,fundamental,local shopkeepers and traders,False,0.36,deferred,True,irrigation source
LA03903,none,,True,0.56,passed,True,none
LA03904,none,,False,2.67,passed,False,irrigation source
LA03905,none,,False,0.41,passed,False,none
LA03906,procedural,agricultural labourers,False,0.56,rejected,False,none
LA03907,procedural,tenant cultivators;landowning farmers;agricultural labourers,False,0.58,passed,False,none
LA03908,fundamental,agricultural labourers,True,0.99,rejected,False,none
LA03909,none,,False,0.3,passed,False,irrigation source
LA03910,fundamental,representatives of the Scheduled Tribe community;the local women's self-help group,True,0.47,rejected,True,none
LA03911,procedural,agricultural labourers,True,0.33,passed,False,none
LA03912,none,,False,0.78,passed,False,none
LA03913,none,,False,0.08,passed,True,none
LA03914,fundamental,tenant cultivators;representatives of the Scheduled Tribe community;local shopkeepers and traders,False,0.77,passed,False,none
LA03915,fundamental,tenant cultivators;the local women's self-help group;landowning farmers,False,0.37,passed,True,none
LA03916,procedural,tenant cultivators;landowning farmers,False,0.55,passed,False,none
LA03917,none,,True,0.81,passed,False,none
LA03918,fundamental,tenant cultivators;elected Panchayat members,False,0.11,rejected,False,none
LA03919,none,,False,0.71,passed,False,none
LA03920,procedural,local shopkeepers and traders,False,0.73,deferred,False,none
LA03921,none,,False,0.77,passed,False,none
LA03922,procedural,tenant cultivators,False,0.67,deferred,False,none
LA03923,procedural,the local women's self-help group;landowning farmers;agricultural labourers,False,1.33,rejected,False,none
LA03924,fundamental,representatives of the Scheduled Tribe community,False,0.58,rejected,True,grazing commons
LA03925,procedural,agricultural labourers;representatives of the Scheduled Tribe community;tenant cultivators,True,0.92,rejected,True,none
LA03926,fundamental,the local women's self-help group,False,0.85,deferred,True,none
LA03927,none,,True,0.8,passed,True,none
LA03928,none,,False,0.36,passed,False,none
LA03929,procedural,representatives of the Scheduled Tribe community,False,0.53,passed,False,irrigation source
LA03930,procedural,tenant cultivators,False,0.47,passed,False,none
LA03931,none,,False,0.81,deferred,False,irrigation source
LA03932,procedural,tenant cultivators,False,0.69,passed,False,grazing commons
LA03933,fundamental,landowning farmers,False,1.14,rejected,True,none
LA03934,none,,False,0.86,deferred,False,none
LA03935,fundamental,local shopkeepers and traders;elected Panchayat members;landowning farmers,True,0.42,deferred,True,none
LA03936,fundamental,landowning farmers;local shopkeepers and traders;tenant cultivators,False,0.3,deferred,True,grazing commons
LA03937,fundamental,tenant cultivators;local shopkeepers and traders;landowning farmers,True,0.49,rejected,True,none
LA03938,fundamental,landowning farmers,False,0.87,passed,True,sacred grove
LA03939,procedural,tenant cultivators,False,0.17,passed,False,none
LA03940,procedural,elected Panchayat members,False,0.8,deferred,False,none
LA03941,fundamental,local shopkeepers and traders;tenant cultivators;representatives of the Scheduled Tribe community,False,0.82,deferred,True,sacred grove
LA03942,none,,False,0.53,passed,True,none
LA03943,procedural,elected Panchayat members,False,0.34,passed,False,sacred grove
LA03944,fundamental,tenant cultivators;landowning farmers,False,0.87,passed,True,none
LA03945,none,,False,0.94,passed,False,none
LA03946,none,,False,0.56,passed,False,none
LA03947,fundamental,landowning farmers,True,1.14,deferred,True,irrigation source
LA03948,none,,False,0.58,rejected,False,none
LA03949,fundamental,agricultural labourers;landowning farmers;representatives of the Scheduled Tribe community,False,0.36,rejected,False,none
LA03950,none,,False,0.48,passed,False,irrigation source
LA03951,procedural,tenant cultivators;landowning farmers,False,0.31,passed,False,none
LA03952,fundamental,tenant cultivators;agricultural labourers,False,0.43,rejected,False,none
LA03953,procedural,elected Panchayat members,False,0.56,rejected,False,none
LA03954,procedural,landowning farmers,False,0.83,passed,False,grazing commons
LA03955,procedural,landowning farmers;local shopkeepers and traders;agricultural labourers,False,0.75,passed,True,none
LA03956,none,,False,0.7,passed,True,irrigation source
LA03957,none,,False,0.48,deferred,False,none
LA03958,none,,False,0.46,deferred,True,none
LA03959,none,,False,2.67,passed,True,none
LA03960,procedural,landowning farmers,False,0.28,passed,False,none
LA03961,fundamental,local shopkeepers and traders;representatives of the Scheduled Tribe community;elected Panchayat members,False,0.69,passed,False,none
LA03962,procedural,agricultural labourers;landowning farmers,False,0.59,passed,True,none
LA03963,procedural,the local women's self-help group;tenant cultivators;elected Panchayat members,False,0.35,rejected,False,none
LA03964,none,,False,1.6,passed,False,none
LA03965,none,,True,0.5,deferred,False,grazing commons
LA03966,none,,True,0.59,passed,False,grazing commons
LA03967,fundamental,landowning farmers,False,0.06,passed,True,grazing commons
LA03968,none,,True,0.36,passed,False,none
LA03969,procedural,agricultural labourers,False,0.4,passed,False,none
LA03970,procedural,agricultural labourers;landowning farmers;tenant cultivators,True,0.53,passed,False,none
LA03971,procedural,tenant cultivators;the local women's self-help group;agricultural labourers,False,0.53,passed,False,irrigation source
LA03972,fundamental,representatives of the Scheduled Tribe community;agricultural labourers;landowning farmers,False,0.62,rejected,True,none
LA03973,none,,False,0.51,passed,False,community water tank
LA03974,fundamental,elected Panchayat members;tenant cultivators,False,0.49,rejected,False,none
LA03975,procedural,agricultural labourers,False,0.36,deferred,False,none
LA03976,procedural,tenant cultivators;landowning farmers,True,0.8,deferred,False,none
LA03977,fundamental,landowning farmers;tenant cultivators,False,0.68,rejected,True,none
LA03978,none,,False,0.82,passed,True,none
LA03979,none,,True,0.84,passed,True,grazing commons
LA03980,fundamental,elected Panchayat members;landowning farmers,False,0.67,passed,True,community water tank
LA03981,none,,False,0.51,deferred,True,none
LA03982,fundamental,representatives of the Scheduled Tribe community;landowning farmers;agricultural labourers,True,0.26,passed,True,none
LA03983,fundamental,local shopkeepers and traders;representatives of the Scheduled Tribe community;landowning farmers,False,0.71,passed,False,none
LA03984,none,,False,0.56,passed,False,irrigation source
LA03985,procedural,tenant cultivators;landowning farmers;local shopkeepers and traders,False,0.47,passed,False,none
LA03986,none,,True,0.5,rejected,False,none
LA03987,procedural,representatives of the Scheduled Tribe community;elected Panchayat members;agricultural labourers,False,4.0,passed,True,burial ground
LA03988,fundamental,elected Panchayat members;agricultural labourers;local shopkeepers and traders,False,0.2,rejected,False,sacred grove
LA03989,fundamental,local shopkeepers and traders;representatives of the Scheduled Tribe community;tenant cultivators,True,1.0,rejected,False,none
LA03990,procedural,agricultural labourers,True,0.79,passed,False,community water tank
LA03991,none,,False,0.59,passed,False,none
LA03992,none,,False,2.67,rejected,False,irrigation source
LA03993,none,,False,0.38,passed,True,community water tank
LA03994,none,,False,0.91,passed,False,none
LA03995,procedural,tenant cultivators;local shopkeepers and traders;agricultural labourers,False,1.14,passed,False,irrigation source
LA03996,procedural,the local women's self-help group,False,0.57,deferred,False,grazing commons
LA03997,none,,False,0.86,deferred,True,none
LA03998,none,,False,0.28,passed,True,none
LA03999,procedural,agricultural labourers;elected Panchayat members;landowning farmers,False,0.46,passed,False,irrigation source
LA04000,procedural,landowning farmers;elected Panchayat members,False,0.68,passed,False,burial ground
LA04001,none,,True,0.61,passed,True,none
LA04002,none,,False,1.33,passed,False,none
LA04003,procedural,elected Panchayat members,False,0.4,passed,False,sacred grove
LA04004,procedural,agricultural labourers;landowning farmers,False,2.0,passed,False,none
LA04005,procedural,the local women's self-help group;landowning farmers;agricultural labourers,False,0.45,deferred,False,grazing commons
LA04006,procedural,landowning farmers;agricultural labourers,False,0.67,passed,False,none
LA04007,none,,False,0.89,deferred,False,none
LA04008,none,,False,0.4,passed,False,none
LA04009,procedural,landowning farmers,True,0.7,deferred,False,none
LA04010,procedural,the local women's self-help group;tenant cultivators;landowning farmers,False,0.37,passed,False,none
LA04011,procedural,agricultural labourers,False,0.67,passed,False,none
LA04012,fundamental,representatives of the Scheduled Tribe community,True,0.57,deferred,True,sacred grove
LA04013,none,,False,0.74,passed,False,grazing commons
LA04014,none,,False,0.57,passed,False,none
LA04015,fundamental,representatives of the Scheduled Tribe community,False,0.29,rejected,False,burial ground
LA04016,procedural,landowning farmers;representatives of the Scheduled Tribe community,False,0.65,passed,False,none
LA04017,procedural,agricultural labourers;tenant cultivators,False,0.83,deferred,False,none
LA04018,none,,True,0.37,passed,False,none
LA04019,fundamental,agricultural labourers;tenant cultivators,True,0.61,rejected,True,none
LA04020,fundamental,tenant cultivators,True,0.5,deferred,True,none
LA04021,procedural,agricultural labourers;tenant cultivators;the local women's self-help group,False,0.5,passed,False,none
LA04022,fundamental,tenant cultivators;the local women's self-help group;landowning farmers,True,0.53,rejected,True,none
LA04023,none,,False,1.0,passed,False,none
LA04024,none,,False,0.62,passed,False,grazing commons
LA04025,procedural,landowning farmers;agricultural labourers;tenant cultivators,True,0.36,passed,False,none
LA04026,fundamental,agricultural labourers,False,0.66,deferred,True,none
LA04027,fundamental,elected Panchayat members;agricultural labourers;tenant cultivators,False,0.05,deferred,False,none
LA04028,none,,False,0.95,passed,False,none
LA04029,procedural,landowning farmers;the local women's self-help group;elected Panchayat members,False,0.56,passed,False,none
LA04030,none,,False,0.43,passed,False,community water tank
LA04031,none,,False,0.81,passed,False,community water tank
LA04032,procedural,landowning farmers;the local women's self-help group;tenant cultivators,False,0.57,deferred,False,none
LA04033,none,,False,0.31,passed,False,none
LA04034,procedural,agricultural labourers;the local women's self-help group;elected Panchayat members,False,0.88,deferred,False,none
LA04035,fundamental,elected Panchayat members;landowning farmers,True,0.4,deferred,True,none
LA04036,procedural,tenant cultivators;landowning farmers;elected Panchayat members,False,0.35,rejected,False,none
LA04037,procedural,landowning farmers,False,0.38,deferred,False,none
LA04038,fundamental,agricultural labourers,False,0.61,passed,True,sacred grove
LA04039,none,,False,0.8,passed,False,none
LA04040,fundamental,landowning farmers,False,0.53,passed,True,none
LA04041,fundamental,landowning farmers,False,0.47,rejected,True,none
LA04042,fundamental,landowning farmers;the local women's self-help group;representatives of the Scheduled Tribe community,True,0.24,rejected,False,none
LA04043,procedural,tenant cultivators;landowning farmers;elected Panchayat members,False,0.31,passed,False,none
LA04044,none,,False,0.67,passed,False,community water tank
LA04045,procedural,agricultural labourers;landowning farmers,False,0.46,passed,False,none
LA04046,none,,True,1.07,passed,False,none
LA04047,none,,False,0.93,passed,False,none
LA04048,none,,False,0.36,passed,False,community water tank
LA04049,none,,False,2.0,passed,False,none
LA04050,procedural,local shopkeepers and traders,False,2.67,passed,False,none
LA04051,procedural,agricultural labourers;landowning farmers,False,0.47,passed,False,community water tank
LA04052,procedural,landowning farmers,False,0.67,passed,False,none
LA04053,none,,True,0.05,passed,False,irrigation source
LA04054,none,,False,0.21,passed,False,none
LA04055,none,,False,0.48,passed,False,none
LA04056,none,,False,0.73,passed,False,none
LA04057,none,,False,1.0,deferred,False,none
LA04058,procedural,tenant cultivators;representatives of the Scheduled Tribe community;the local women's self-help group,True,0.72,passed,False,none
LA04059,none,,False,0.05,passed,False,none
LA04060,none,,False,0.47,passed,False,community water tank
LA04061,fundamental,agricultural labourers;representatives of the Scheduled Tribe community;landowning farmers,False,1.0,rejected,False,sacred grove
LA04062,fundamental,landowning farmers;agricultural labourers,False,0.84,passed,False,none
LA04063,none,,False,0.8,passed,False,irrigation source
LA04064,none,,False,0.8,deferred,False,none
LA04065,none,,True,0.37,passed,False,none
LA04066,none,,False,0.26,deferred,False,none
LA04067,fundamental,tenant cultivators;landowning farmers,False,0.47,deferred,True,none
LA04068,none,,False,0.72,passed,False,none
LA04069,procedural,landowning farmers,True,0.82,passed,False,none
LA04070,none,,False,0.45,passed,False,none
LA04071,none,,False,0.51,deferred,False,irrigation source
LA04072,fundamental,the local women's self-help group;representatives of the Scheduled Tribe community,False,0.53,rejected,False,sacred grove
LA04073,none,,False,0.53,passed,False,irrigation source
LA04074,procedural,the local women's self-help group,True,0.35,deferred,True,grazing commons
LA04075,fundamental,local shopkeepers and traders;the local women's self-help group;landowning farmers,False,0.35,rejected,True,none
LA04076,procedural,representatives of the Scheduled Tribe community;elected Panchayat members;the local women's self-help group,False,0.51,rejected,False,none
LA04077,none,,False,0.12,passed,False,none
LA04078,none,,False,0.63,passed,False,none
LA04079,procedural,representatives of the Scheduled Tribe community;local shopkeepers and traders;elected Panchayat members,False,0.4,deferred,False,none
LA04080,procedural,representatives of the Scheduled Tribe community;elected Panchayat members;the local women's self-help group,False,2.67,passed,True,none
LA04081,none,,False,0.66,deferred,False,none
LA04082,fundamental,local shopkeepers and traders;agricultural labourers;elected Panchayat members,True,1.27,rejected,True,irrigation source
LA04083,procedural,elected Panchayat members;local shopkeepers and traders,False,1.14,deferred,False,irrigation source
LA04084,procedural,landowning farmers;tenant cultivators,False,0.46,passed,True,none
LA04085,none,,True,0.49,passed,False,grazing commons
LA04086,none,,False,0.73,passed,False,none
LA04087,none,,True,0.71,passed,False,irrigation source
LA04088,none,,False,0.61,passed,False,none
LA04089,fundamental,representatives of the Scheduled Tribe community;elected Panchayat members,True,0.89,rejected,True,none
LA04090,procedural,local shopkeepers and traders,False,1.12,deferred,False,none
LA04091,none,,False,1.0,passed,True,none
LA04092,procedural,local shopkeepers and traders;agricultural labourers,False,0.94,deferred,False,none
LA04093,fundamental,representatives of the Scheduled Tribe community;tenant cultivators,True,0.65,rejected,True,none
LA04094,none,,True,4.0,passed,False,none
LA04095,none,,False,1.14,passed,False,none
LA04096,none,,False,0.41,deferred,False,none
LA04097,fundamental,agricultural labourers,False,0.66,passed,True,none
LA04098,procedural,tenant cultivators;representatives of the Scheduled Tribe community,True,1.0,passed,False,none
LA04099,none,,False,0.24,deferred,False,irrigation source
LA04100,none,,False,2.0,passed,False,none
LA04101,none,,False,0.56,passed,False,none
LA04102,procedural,tenant cultivators,False,0.9,passed,False,grazing commons
LA04103,fundamental,representatives of the Scheduled Tribe community;agricultural labourers;tenant cultivators,True,0.91,deferred,True,none
LA04104,procedural,agricultural labourers;landowning farmers;the local women's self-help group,False,0.53,passed,False,none
LA04105,procedural,the local women's self-help group;landowning farmers;agricultural labourers,False,0.87,deferred,False,none
LA04106,none,,True,0.24,passed,False,none
LA04107,none,,False,0.5,passed,False,none
LA04108,none,,False,0.47,passed,False,none
LA04109,fundamental,agricultural labourers;tenant cultivators;landowning farmers,False,0.63,deferred,True,community water tank
LA04110,none,,False,1.0,passed,False,none
LA04111,none,,False,0.34,passed,False,none
LA04112,procedural,representatives of the Scheduled Tribe community;tenant cultivators,True,0.61,passed,False,sacred grove
LA04113,procedural,landowning farmers;agricultural labourers,False,1.14,passed,True,irrigation source
LA04114,procedural,local shopkeepers and traders,False,0.29,passed,True,none
LA04115,procedural,tenant cultivators;agricultural labourers;representatives of the Scheduled Tribe community,True,0.5,passed,False,none
LA04116,none,,False,0.73,rejected,False,none
LA04117,none,,False,0.79,deferred,False,none
LA04118,none,,False,4.0,passed,False,irrigation source
LA04119,procedural,landowning farmers;elected Panchayat members;tenant cultivators,False,0.93,rejected,False,none
LA04120,procedural,landowning farmers;representatives of the Scheduled Tribe community;the local women's self-help group,False,1.0,deferred,False,none
LA04121,none,,True,0.42,passed,False,sacred grove
LA04122,procedural,tenant cultivators,False,0.62,deferred,False,community water tank
LA04123,none,,False,8.0,passed,False,none
LA04124,fundamental,landowning farmers;tenant cultivators;agricultural labourers,False,0.77,rejected,True,none
LA04125,fundamental,agricultural labourers;landowning farmers;local shopkeepers and traders,False,0.09,rejected,True,none
LA04126,procedural,elected Panchayat members,False,0.71,deferred,False,none
LA04127,fundamental,landowning farmers,False,0.8,passed,False,none
LA04128,procedural,representatives of the Scheduled Tribe community;the local women's self-help group,True,0.42,passed,True,none
LA04129,fundamental,tenant cultivators;agricultural labourers,False,0.24,deferred,True,none
LA04130,none,,False,0.64,passed,True,grazing commons
LA04131,none,,False,0.88,deferred,False,none
LA04132,procedural,agricultural labourers;the local women's self-help group;landowning farmers,False,0.27,deferred,False,none
LA04133,none,,False,0.71,passed,False,none
LA04134,procedural,agricultural labourers,False,0.52,passed,True,none
LA04135,procedural,representatives of the Scheduled Tribe community;landowning farmers;agricultural labourers,False,0.76,deferred,False,irrigation source
LA04136,procedural,tenant cultivators,False,0.26,deferred,False,none
LA04137,none,,False,0.67,passed,False,none
LA04138,none,,False,0.5,passed,False,none
LA04139,fundamental,elected Panchayat members,True,0.71,deferred,False,irrigation source
LA04140,procedural,agricultural labourers;landowning farmers,False,1.33,passed,False,none
LA04141,none,,False,0.53,passed,True,none
LA04142,fundamental,landowning farmers,False,0.42,deferred,False,community water tank
LA04143,procedural,tenant cultivators,False,0.61,passed,False,community water tank
LA04144,none,,True,0.33,passed,False,none
LA04145,procedural,tenant cultivators,False,0.24,passed,False,none
LA04146,procedural,landowning farmers;representatives of the Scheduled Tribe community;the local women's self-help group,False,0.71,deferred,True,none
LA04147,procedural,agricultural labourers,False,0.86,passed,False,grazing commons
LA04148,none,,False,0.48,passed,False,none
LA04149,none,,False,0.83,passed,False,none
LA04150,fundamental,representatives of the Scheduled Tribe community;elected Panchayat members,False,0.71,passed,True,grazing commons
LA04151,fundamental,agricultural labourers;the local women's self-help group,False,0.44,rejected,False,none
LA04152,none,,False,2.0,passed,False,none
LA04153,procedural,the local women's self-help group,False,0.62,rejected,False,none
LA04154,none,,False,0.5,deferred,False,irrigation source
LA04155,procedural,agricultural labourers;landowning farmers;tenant cultivators,True,0.48,passed,True,irrigation source
LA04156,none,,False,0.4,passed,False,none
LA04157,none,,False,0.57,passed,False,none
LA04158,procedural,agricultural labourers;landowning farmers;representatives of the Scheduled Tribe community,True,0.73,deferred,False,none
LA04159,fundamental,agricultural labourers;tenant cultivators;representatives of the Scheduled Tribe community,False,0.92,rejected,True,none
LA04160,fundamental,landowning farmers;agricultural labourers;elected Panchayat members,False,0.42,deferred,True,grazing commons
LA04161,none,,False,0.53,passed,False,irrigation source
LA04162,fundamental,agricultural labourers,False,0.75,passed,True,none
LA04163,fundamental,landowning farmers,False,0.67,rejected,True,community water tank
LA04164,none,,True,0.53,deferred,False,none
LA04165,none,,False,1.0,passed,False,irrigation source
LA04166,fundamental,the local women's self-help group;local shopkeepers and traders;representatives of the Scheduled Tribe community,False,0.53,deferred,False,irrigation source
LA04167,procedural,landowning farmers,False,0.62,deferred,False,none
LA04168,none,,False,1.15,passed,False,community water tank
LA04169,none,,False,1.07,deferred,False,none
LA04170,none,,True,0.94,passed,False,none
LA04171,none,,True,0.05,passed,True,none
LA04172,none,,False,0.59,rejected,False,none
LA04173,procedural,tenant cultivators;the local women's self-help group,False,0.52,deferred,False,none
LA04174,none,,True,0.43,passed,True,none
LA04175,procedural,local shopkeepers and traders,False,0.69,deferred,False,none
LA04176,none,,False,0.59,deferred,False,community water tank
LA04177,fundamental,the local women's self-help group,False,0.45,passed,False,irrigation source
LA04178,none,,True,0.55,deferred,False,burial ground
LA04179,none,,True,0.72,deferred,True,none
LA04180,fundamental,agricultural labourers;tenant cultivators;representatives of the Scheduled Tribe community,False,0.81,rejected,False,irrigation source
LA04181,none,,False,0.38,passed,False,none
LA04182,fundamental,landowning farmers,False,0.59,rejected,False,none
LA04183,none,,True,0.93,deferred,False,community water tank
LA04184,none,,False,0.37,rejected,False,none
LA04185,none,,False,0.36,passed,False,irrigation source
LA04186,procedural,landowning farmers;the local women's self-help group,False,0.45,rejected,False,none
LA04187,procedural,tenant cultivators;landowning farmers;elected Panchayat members,False,0.48,rejected,False,none
LA04188,none,,False,0.34,passed,False,none
LA04189,none,,False,0.72,rejected,False,irrigation source
LA04190,none,,True,0.41,passed,False,none
LA04191,none,,False,0.64,passed,True,none
LA04192,none,,False,0.82,passed,False,none
LA04193,fundamental,landowning farmers;tenant cultivators,False,0.05,deferred,True,none
LA04194,none,,True,0.3,passed,True,none
LA04195,none,,False,0.54,passed,False,grazing commons
LA04196,procedural,the local women's self-help group;landowning farmers;tenant cultivators,False,0.14,rejected,False,none
LA04197,none,,False,0.71,passed,False,none
LA04198,fundamental,representatives of the Scheduled Tribe community;the local women's self-help group,False,0.38,rejected,True,irrigation source
LA04199,fundamental,representatives of the Scheduled Tribe community;agricultural labourers;local shopkeepers and traders,False,0.45,deferred,True,none
LA04200,fundamental,elected Panchayat members;representatives of the Scheduled Tribe community,False,0.75,rejected,True,none
LA04201,none,,False,0.21,passed,False,community water tank
LA04202,procedural,landowning farmers;agricultural labourers;the local women's self-help group,False,0.68,deferred,False,none
LA04203,none,,False,0.62,passed,False,none
LA04204,none,,True,0.89,passed,False,irrigation source
LA04205,fundamental,landowning farmers;agricultural labourers,False,0.75,deferred,True,irrigation source
LA04206,none,,False,0.55,passed,False,community water tank
LA04207,none,,False,0.34,passed,False,none
LA04208,fundamental,the local women's self-help group;landowning farmers;agricultural labourers,False,1.33,deferred,True,grazing commons
LA04209,procedural,agricultural labourers,False,1.0,deferred,False,none
LA04210,procedural,the local women's self-help group;landowning farmers,True,0.38,deferred,False,none
LA04211,procedural,landowning farmers;tenant cultivators,True,0.15,passed,False,none
LA04212,procedural,tenant cultivators;the local women's self-help group;elected Panchayat members,True,0.53,deferred,False,none
LA04213,procedural,the local women's self-help group;elected Panchayat members,False,0.17,rejected,False,none
LA04214,none,,True,0.62,passed,False,community water tank
LA04215,none,,False,0.57,passed,False,none
LA04216,procedural,landowning farmers;elected Panchayat members;tenant cultivators,False,0.6,deferred,True,irrigation source
LA04217,procedural,tenant cultivators;agricultural labourers,False,0.45,rejected,False,irrigation source
LA04218,procedural,local shopkeepers and traders,False,0.38,passed,False,none
LA04219,none,,False,0.46,passed,False,grazing commons
LA04220,fundamental,representatives of the Scheduled Tribe community;agricultural labourers;landowning farmers,False,0.61,rejected,True,none
LA04221,none,,True,0.77,passed,True,none
LA04222,procedural,tenant cultivators,False,0.69,deferred,False,none
LA04223,procedural,tenant cultivators;agricultural labourers,False,0.1,deferred,False,grazing commons
LA04224,none,,False,0.59,passed,False,none
LA04225,none,,False,0.66,passed,False,none
LA04226,fundamental,representatives of the Scheduled Tribe community;landowning farmers,False,1.0,rejected,True,none
LA04227,procedural,landowning farmers,False,0.25,passed,False,none
LA04228,none,,False,0.24,deferred,False,none
LA04229,procedural,agricultural labourers;the local women's self-help group,False,0.13,passed,False,community water tank
LA04230,none,,False,0.46,passed,False,none
LA04231,procedural,landowning farmers;agricultural labourers;elected Panchayat members,False,0.66,deferred,False,none
LA04232,fundamental,elected Panchayat members;local shopkeepers and traders;agricultural labourers,True,0.6,rejected,False,none
LA04233,procedural,representatives of the Scheduled Tribe community;landowning farmers,False,0.53,passed,False,none
LA04234,procedural,landowning farmers;elected Panchayat members;the local women's self-help group,False,0.23,deferred,False,none
LA04235,fundamental,representatives of the Scheduled Tribe community;tenant cultivators;landowning farmers,False,0.49,rejected,False,burial ground
LA04236,none,,False,0.36,passed,False,none
LA04237,fundamental,landowning farmers,False,0.41,passed,True,none
LA04238,none,,True,0.84,passed,False,none
LA04239,none,,True,0.55,passed,True,none
LA04240,none,,False,0.12,passed,False,none
LA04241,none,,True,2.0,passed,False,none
LA04242,fundamental,agricultural labourers;landowning farmers;tenant cultivators,False,0.5,deferred,True,none
LA04243,none,,False,0.49,passed,False,community water tank
LA04244,fundamental,representatives of the Scheduled Tribe community,False,0.7,passed,True,none
LA04245,procedural,landowning farmers;agricultural labourers;tenant cultivators,False,1.33,passed,False,none
LA04246,none,,True,0.38,passed,False,community water tank
LA04247,none,,False,0.49,passed,False,none
LA04248,fundamental,tenant cultivators;local shopkeepers and traders,False,0.64,rejected,True,community water tank
LA04249,procedural,landowning farmers;agricultural labourers;representatives of the Scheduled Tribe community,False,0.23,deferred,False,none
LA04250,fundamental,tenant cultivators,False,0.56,rejected,False,community water tank
LA04251,procedural,representatives of the Scheduled Tribe community;landowning farmers;the local women's self-help group,False,0.93,deferred,False,community water tank
LA04252,none,,True,1.33,deferred,False,none
LA04253,none,,False,0.42,passed,False,none
LA04254,none,,False,0.05,passed,False,grazing commons
LA04255,fundamental,representatives of the Scheduled Tribe community;tenant cultivators;elected Panchayat members,True,0.27,deferred,False,none
LA04256,none,,True,0.56,passed,False,grazing commons
LA04257,procedural,the local women's self-help group,False,4.0,rejected,False,none
LA04258,none,,False,0.42,passed,True,none
LA04259,procedural,tenant cultivators,False,0.35,passed,False,none
LA04260,procedural,representatives of the Scheduled Tribe community;landowning farmers;agricultural labourers,False,0.83,passed,False,sacred grove
LA04261,procedural,representatives of the Scheduled Tribe community;landowning farmers;agricultural labourers,False,0.73,passed,False,none
LA04262,none,,False,0.64,passed,False,none
LA04263,none,,False,1.6,passed,False,none
LA04264,none,,False,0.52,passed,False,none
LA04265,none,,False,0.8,passed,False,sacred grove
LA04266,none,,True,0.44,passed,False,none
LA04267,fundamental,landowning farmers,False,0.72,rejected,False,none
LA04268,none,,False,0.54,passed,False,none
LA04269,procedural,tenant cultivators;agricultural labourers;landowning farmers,True,0.14,deferred,True,none
LA04270,none,,False,0.78,passed,False,none
LA04271,none,,True,0.9,passed,False,none
LA04272,none,,True,0.73,deferred,False,irrigation source
LA04273,none,,False,0.8,rejected,False,none
LA04274,none,,True,0.73,passed,False,irrigation source
LA04275,procedural,the local women's self-help group;tenant cultivators;landowning farmers,False,1.07,passed,False,none
LA04276,none,,False,0.7,passed,False,none
LA04277,procedural,landowning farmers,True,0.84,deferred,False,community water tank
LA04278,none,,False,0.75,passed,False,none
LA04279,none,,True,0.78,passed,False,none
LA04280,none,,False,0.65,passed,False,irrigation source
LA04281,procedural,local shopkeepers and traders,False,0.77,passed,False,grazing commons
LA04282,none,,False,0.6,passed,False,none
LA04283,fundamental,agricultural labourers;local shopkeepers and traders;the local women's self-help group,False,0.88,deferred,True,irrigation source
LA04284,procedural,landowning farmers,False,0.23,deferred,False,none
LA04285,procedural,representatives of the Scheduled Tribe community;agricultural labourers,False,1.6,passed,False,none
LA04286,none,,False,0.72,passed,False,community water tank
LA04287,procedural,elected Panchayat members;tenant cultivators,False,0.15,deferred,True,irrigation source
LA04288,none,,False,0.65,passed,False,none
LA04289,none,,False,0.78,rejected,False,none
LA04290,none,,False,1.6,passed,False,none
LA04291,fundamental,landowning farmers;agricultural labourers,True,0.76,deferred,True,none
LA04292,none,,False,0.5,passed,False,none
LA04293,procedural,tenant cultivators;local shopkeepers and traders,False,0.53,rejected,False,none
LA04294,procedural,landowning farmers;tenant cultivators,False,0.42,deferred,False,none
LA04295,none,,False,0.29,passed,False,none
LA04296,procedural,the local women's self-help group;elected Panchayat members;tenant cultivators,False,0.93,deferred,False,none
LA04297,fundamental,representatives of the Scheduled Tribe community;elected Panchayat members;local shopkeepers and traders,False,1.14,rejected,True,none
LA04298,none,,True,0.93,passed,True,none
LA04299,fundamental,landowning farmers;elected Panchayat members;representatives of the Scheduled Tribe community,True,0.51,deferred,True,none
LA04300,none,,False,0.92,deferred,False,none
LA04301,none,,False,0.47,passed,False,none
LA04302,none,,False,0.5,passed,False,none
LA04303,none,,True,0.15,passed,False,irrigation source
LA04304,fundamental,representatives of the Scheduled Tribe community,False,1.6,rejected,True,none
LA04305,none,,False,1.0,passed,False,none
LA04306,none,,False,0.76,passed,False,none
LA04307,procedural,tenant cultivators;landowning farmers;local shopkeepers and traders,True,0.42,deferred,False,none
LA04308,procedural,agricultural labourers,False,0.89,passed,False,grazing commons
LA04309,procedural,tenant cultivators,False,0.75,deferred,False,grazing commons
LA04310,procedural,local shopkeepers and traders;tenant cultivators,False,0.46,deferred,False,irrigation source
LA04311,none,,False,0.65,deferred,False,none
LA04312,fundamental,tenant cultivators;elected Panchayat members,True,0.06,rejected,False,none
LA04313,procedural,landowning farmers;tenant cultivators;the local women's self-help group,False,1.0,passed,False,none
LA04314,fundamental,representatives of the Scheduled Tribe community;landowning farmers,True,0.43,deferred,True,none
LA04315,procedural,elected Panchayat members,False,0.65,rejected,False,grazing commons
LA04316,procedural,landowning farmers;the local women's self-help group;tenant cultivators,True,0.63,rejected,True,none
LA04317,fundamental,agricultural labourers,False,0.68,passed,False,none
LA04318,procedural,the local women's self-help group,False,0.89,rejected,True,burial ground
LA04319,none,,False,0.16,passed,False,none
LA04320,none,,True,0.77,passed,False,none
LA04321,none,,False,0.41,deferred,False,sacred grove
LA04322,fundamental,agricultural labourers;the local women's self-help group,False,0.67,passed,True,grazing commons
LA04323,procedural,landowning farmers;the local women's self-help group,False,0.48,passed,False,none
LA04324,none,,False,4.0,passed,False,irrigation source
LA04325,none,,False,2.0,passed,False,none
LA04326,none,,False,1.0,passed,False,none
LA04327,none,,False,8.0,passed,False,none
LA04328,fundamental,landowning farmers;elected Panchayat members;the local women's self-help group,False,0.28,deferred,True,none
LA04329,none,,False,0.42,passed,False,none
LA04330,none,,False,0.99,deferred,False,none
LA04331,fundamental,tenant cultivators;landowning farmers;local shopkeepers and traders,True,1.1,passed,False,none
LA04332,procedural,local shopkeepers and traders;agricultural labourers;landowning farmers,False,0.42,passed,False,none
LA04333,fundamental,tenant cultivators;agricultural labourers;landowning farmers,False,0.67,rejected,True,none
LA04334,procedural,landowning farmers;representatives of the Scheduled Tribe community;the local women's self-help group,False,0.05,rejected,False,none
LA04335,fundamental,elected Panchayat members;the local women's self-help group;landowning farmers,False,0.43,deferred,True,none
LA04336,procedural,representatives of the Scheduled Tribe community;tenant cultivators,False,0.8,deferred,True,irrigation source
LA04337,fundamental,tenant cultivators;representatives of the Scheduled Tribe community,False,0.16,passed,True,none
LA04338,none,,False,0.82,passed,False,grazing commons
LA04339,none,,True,0.36,passed,False,irrigation source
LA04340,procedural,representatives of the Scheduled Tribe community;landowning farmers;agricultural labourers,False,0.6,passed,False,none
LA04341,procedural,elected Panchayat members,False,1.06,deferred,False,none
LA04342,fundamental,tenant cultivators,False,0.5,rejected,True,none
LA04343,procedural,representatives of the Scheduled Tribe community,True,0.52,deferred,False,community water tank
LA04344,none,,False,0.35,deferred,False,none
LA04345,none,,False,0.6,passed,False,irrigation source
LA04346,fundamental,elected Panchayat members;landowning farmers;tenant cultivators,False,0.31,rejected,False,none
LA04347,procedural,elected Panchayat members;agricultural labourers;landowning farmers,True,0.84,deferred,False,none
LA04348,none,,False,0.42,passed,False,none
LA04349,none,,False,0.24,passed,True,none
LA04350,none,,False,0.51,passed,False,none
LA04351,none,,False,0.9,passed,True,grazing commons
LA04352,none,,False,0.28,deferred,False,none
LA04353,none,,True,1.08,deferred,False,none
LA04354,none,,False,0.52,passed,False,none
LA04355,procedural,elected Panchayat members,False,0.19,deferred,False,community water tank
LA04356,fundamental,landowning farmers,False,0.26,rejected,False,none
LA04357,none,,False,0.67,deferred,False,grazing commons
LA04358,procedural,representatives of the Scheduled Tribe community,True,0.88,deferred,False,none
LA04359,fundamental,landowning farmers;the local women's self-help group,False,0.93,rejected,False,sacred grove
LA04360,procedural,the local women's self-help group;representatives of the Scheduled Tribe community,True,0.82,rejected,False,none
LA04361,procedural,representatives of the Scheduled Tribe community;agricultural labourers;tenant cultivators,False,0.77,passed,True,none
LA04362,fundamental,agricultural labourers;landowning farmers,False,0.61,deferred,True,irrigation source
LA04363,procedural,local shopkeepers and traders,False,0.79,passed,False,none
LA04364,none,,False,0.48,deferred,True,irrigation source
LA04365,none,,False,0.36,passed,True,none
LA04366,fundamental,landowning farmers,False,2.0,passed,False,sacred grove
LA04367,procedural,agricultural labourers;tenant cultivators,False,0.85,deferred,False,none
LA04368,procedural,agricultural labourers;landowning farmers,False,0.56,deferred,False,irrigation source
LA04369,procedural,landowning farmers;tenant cultivators;agricultural labourers,False,0.84,rejected,False,none
LA04370,procedural,elected Panchayat members;the local women's self-help group,False,0.85,deferred,False,none
LA04371,none,,True,0.25,passed,False,grazing commons
LA04372,none,,False,0.89,passed,False,none
LA04373,procedural,the local women's self-help group,False,0.37,deferred,False,none
LA04374,none,,False,0.79,passed,False,irrigation source
LA04375,none,,False,0.44,passed,False,none
LA04376,fundamental,agricultural labourers;tenant cultivators;landowning farmers,True,0.57,deferred,True,none
LA04377,fundamental,agricultural labourers;landowning farmers;tenant cultivators,False,0.37,passed,False,none
LA04378,fundamental,the local women's self-help group;elected Panchayat members,False,0.33,deferred,True,none
LA04379,procedural,agricultural labourers;the local women's self-help group;elected Panchayat members,False,0.86,deferred,False,irrigation source
LA04380,none,,True,0.24,passed,False,irrigation source
LA04381,fundamental,tenant cultivators;the local women's self-help group,False,0.3,rejected,True,none
LA04382,none,,False,1.0,passed,False,none
LA04383,procedural,local shopkeepers and traders;representatives of the Scheduled Tribe community;agricultural labourers,False,0.65,passed,False,sacred grove
LA04384,fundamental,landowning farmers;agricultural labourers,False,0.29,passed,False,sacred grove
LA04385,none,,False,0.55,passed,False,none
LA04386,none,,False,0.86,rejected,True,irrigation source
LA04387,none,,False,0.46,deferred,False,none
LA04388,none,,False,0.78,passed,False,irrigation source
LA04389,procedural,elected Panchayat members;tenant cultivators;the local women's self-help group,False,0.79,passed,False,none
LA04390,none,,False,0.39,passed,False,none
LA04391,procedural,representatives of the Scheduled Tribe community;agricultural labourers,False,1.14,passed,False,none
LA04392,none,,False,0.47,passed,False,none
LA04393,none,,True,0.57,deferred,False,none
LA04394,fundamental,landowning farmers,False,0.8,deferred,True,grazing commons
LA04395,none,,False,0.47,deferred,False,none
LA04396,none,,True,1.0,deferred,False,none
LA04397,fundamental,local shopkeepers and traders;tenant cultivators;representatives of the Scheduled Tribe community,True,0.42,rejected,True,none
LA04398,none,,True,0.15,passed,False,none
LA04399,fundamental,agricultural labourers;tenant cultivators,False,0.67,passed,False,none
LA04400,fundamental,representatives of the Scheduled Tribe community,False,0.5,rejected,True,none
LA04401,procedural,elected Panchayat members;local shopkeepers and traders;tenant cultivators,True,0.22,rejected,False,none
LA04402,procedural,agricultural labourers;representatives of the Scheduled Tribe community;elected Panchayat members,False,0.55,passed,False,none
LA04403,fundamental,local shopkeepers and traders,False,0.46,rejected,False,none
LA04404,procedural,the local women's self-help group;tenant cultivators,True,0.83,deferred,False,none
LA04405,none,,False,0.89,passed,False,none
LA04406,procedural,landowning farmers;representatives of the Scheduled Tribe community,False,0.43,passed,False,none
LA04407,none,,False,0.53,passed,False,none
LA04408,fundamental,local shopkeepers and traders,True,0.93,deferred,False,none
LA04409,none,,False,0.3,passed,False,irrigation source
LA04410,fundamental,the local women's self-help group;elected Panchayat members,False,0.91,deferred,True,none
LA04411,none,,False,0.61,passed,False,sacred grove
LA04412,none,,True,0.33,passed,True,none
LA04413,fundamental,tenant cultivators,False,0.42,rejected,False,none
LA04414,fundamental,landowning farmers,False,1.04,rejected,True,none
LA04415,procedural,elected Panchayat members;landowning farmers,False,0.27,deferred,False,none
LA04416,none,,False,0.39,passed,False,none
LA04417,none,,False,0.59,passed,False,grazing commons
LA04418,procedural,landowning farmers;representatives of the Scheduled Tribe community;agricultural labourers,True,1.3,passed,True,none
LA04419,none,,False,0.42,passed,False,grazing commons
LA04420,none,,False,0.7,passed,False,none
LA04421,procedural,landowning farmers;representatives of the Scheduled Tribe community,False,0.29,deferred,True,none
LA04422,procedural,the local women's self-help group;representatives of the Scheduled Tribe community,True,0.89,passed,False,none
LA04423,none,,False,0.8,passed,False,none
LA04424,none,,False,0.6,passed,False,sacred grove
LA04425,none,,False,0.9,passed,False,none
LA04426,fundamental,tenant cultivators,True,1.22,deferred,True,none
LA04427,none,,False,0.5,passed,False,community water tank
LA04428,none,,False,0.66,deferred,False,grazing commons
LA04429,procedural,elected Panchayat members;tenant cultivators;landowning farmers,False,0.5,passed,False,community water tank
LA04430,procedural,agricultural labourers;landowning farmers;the local women's self-help group,False,1.6,deferred,False,none
LA04431,fundamental,landowning farmers;elected Panchayat members;local shopkeepers and traders,False,0.23,deferred,True,none
LA04432,fundamental,tenant cultivators,False,0.82,passed,True,none
LA04433,procedural,tenant cultivators;landowning farmers,False,0.98,passed,False,irrigation source
LA04434,none,,False,0.64,passed,False,none
LA04435,procedural,agricultural labourers;tenant cultivators,False,0.43,deferred,False,none
LA04436,procedural,local shopkeepers and traders;tenant cultivators,False,0.92,passed,False,none
LA04437,procedural,agricultural labourers;tenant cultivators;the local women's self-help group,True,0.81,passed,True,grazing commons
LA04438,none,,False,0.27,passed,False,none
LA04439,none,,False,0.25,passed,False,none
LA04440,procedural,tenant cultivators;agricultural labourers;representatives of the Scheduled Tribe community,True,0.34,deferred,False,none
LA04441,procedural,representatives of the Scheduled Tribe community;landowning farmers;tenant cultivators,False,0.29,passed,False,burial ground
LA04442,procedural,landowning farmers;representatives of the Scheduled Tribe community;agricultural labourers,False,0.26,deferred,False,community water tank
LA04443,none,,False,0.17,passed,False,irrigation source
LA04444,fundamental,representatives of the Scheduled Tribe community,False,0.69,passed,False,none
LA04445,none,,False,0.26,passed,False,irrigation source
LA04446,procedural,the local women's self-help group;elected Panchayat members;representatives of the Scheduled Tribe community,False,0.83,passed,False,none
LA04447,none,,False,0.47,passed,False,none
LA04448,fundamental,landowning farmers,False,0.62,deferred,False,grazing commons
LA04449,none,,False,0.87,passed,False,none
LA04450,none,,True,0.74,passed,False,none
LA04451,procedural,tenant cultivators;landowning farmers,True,1.02,deferred,False,none
LA04452,procedural,elected Panchayat members,False,0.56,deferred,True,none
LA04453,fundamental,landowning farmers,False,0.73,rejected,False,none
LA04454,none,,False,0.7,rejected,False,none
LA04455,procedural,elected Panchayat members;representatives of the Scheduled Tribe community,True,0.62,passed,False,sacred grove
LA04456,none,,False,0.55,passed,False,none
LA04457,procedural,landowning farmers;the local women's self-help group;tenant cultivators,False,0.38,passed,False,none
LA04458,none,,True,0.44,passed,False,irrigation source
LA04459,none,,False,0.29,passed,False,none
LA04460,fundamental,local shopkeepers and traders;representatives of the Scheduled Tribe community,False,0.71,deferred,True,sacred grove
LA04461,fundamental,representatives of the Scheduled Tribe community;tenant cultivators;local shopkeepers and traders,False,0.51,deferred,False,none
LA04462,none,,False,0.71,passed,False,none
LA04463,none,,False,0.12,passed,True,sacred grove
LA04464,procedural,tenant cultivators;the local women's self-help group;local shopkeepers and traders,True,0.63,rejected,False,none
LA04465,none,,False,0.62,passed,True,none
LA04466,fundamental,agricultural labourers;tenant cultivators,True,0.75,rejected,True,none
LA04467,none,,False,0.62,passed,False,none
LA04468,fundamental,representatives of the Scheduled Tribe community;local shopkeepers and traders,False,0.72,rejected,False,none
LA04469,procedural,representatives of the Scheduled Tribe community,False,0.45,passed,False,none
LA04470,none,,False,0.7,passed,True,none
LA04471,fundamental,representatives of the Scheduled Tribe community,False,0.56,rejected,False,community water tank
LA04472,none,,True,0.39,deferred,False,none
LA04473,none,,False,0.43,deferred,False,none
LA04474,fundamental,agricultural labourers;local shopkeepers and traders;tenant cultivators,False,0.1,rejected,False,none
LA04475,none,,False,0.5,passed,False,grazing commons
LA04476,fundamental,landowning farmers,False,0.6,deferred,False,irrigation source
LA04477,fundamental,landowning farmers;agricultural labourers,False,0.37,rejected,True,community water tank
LA04478,none,,False,0.72,deferred,False,none
LA04479,procedural,elected Panchayat members;agricultural labourers,False,0.56,deferred,False,none
LA04480,none,,False,0.28,deferred,True,none
LA04481,fundamental,elected Panchayat members;representatives of the Scheduled Tribe community,False,0.22,passed,False,grazing commons
LA04482,none,,True,0.38,passed,False,none
LA04483,none,,False,0.36,passed,False,grazing commons
LA04484,procedural,landowning farmers;agricultural labourers;representatives of the Scheduled Tribe community,False,0.8,passed,False,none
LA04485,fundamental,the local women's self-help group;tenant cultivators;agricultural labourers,False,0.69,rejected,True,none
LA04486,fundamental,agricultural labourers;local shopkeepers and traders;tenant cultivators,True,0.74,deferred,True,none
LA04487,none,,False,0.23,passed,False,none
LA04488,none,,False,1.08,passed,False,none
LA04489,fundamental,the local women's self-help group;agricultural labourers,False,0.41,rejected,True,none
LA04490,none,,False,0.66,passed,False,none
LA04491,none,,False,0.35,passed,False,none
LA04492,none,,False,0.73,deferred,False,none
LA04493,none,,False,2.67,passed,False,grazing commons
LA04494,none,,False,0.44,passed,False,sacred grove
LA04495,none,,False,0.59,passed,True,community water tank
LA04496,fundamental,landowning farmers;the local women's self-help group;agricultural labourers,False,0.59,rejected,True,irrigation source
LA04497,fundamental,local shopkeepers and traders;representatives of the Scheduled Tribe community;agricultural labourers,False,0.5,passed,False,none
LA04498,procedural,tenant cultivators;agricultural labourers;landowning farmers,True,1.21,deferred,False,none
LA04499,none,,False,0.5,passed,False,none
LA04500,none,,False,0.71,passed,False,burial ground
LA04501,procedural,landowning farmers;local shopkeepers and traders,True,0.64,rejected,False,none
LA04502,none,,True,0.72,passed,False,none
LA04503,procedural,the local women's self-help group,False,0.3,deferred,True,none
LA04504,none,,True,0.46,passed,False,none
LA04505,procedural,landowning farmers,False,2.0,deferred,False,none
LA04506,fundamental,agricultural labourers;landowning farmers,False,0.7,rejected,False,none
LA04507,procedural,landowning farmers;tenant cultivators;agricultural labourers,False,0.7,passed,True,none
LA04508,procedural,landowning farmers;elected Panchayat members;representatives of the Scheduled Tribe community,False,0.43,passed,False,none
LA04509,fundamental,local shopkeepers and traders,False,2.0,passed,True,grazing commons
LA04510,fundamental,elected Panchayat members,False,2.0,rejected,True,community water tank
LA04511,none,,False,1.0,passed,False,sacred grove
LA04512,procedural,local shopkeepers and traders,True,0.75,passed,False,none
LA04513,fundamental,elected Panchayat members;representatives of the Scheduled Tribe community,False,0.17,deferred,False,none
LA04514,procedural,landowning farmers,False,0.55,rejected,False,none
LA04515,none,,False,0.68,passed,False,none
LA04516,none,,False,0.32,passed,False,sacred grove
LA04517,fundamental,tenant cultivators;agricultural labourers,False,0.77,deferred,False,none
LA04518,procedural,landowning farmers;representatives of the Scheduled Tribe community;the local women's self-help group,False,0.35,deferred,False,none
LA04519,none,,False,0.89,passed,False,grazing commons
LA04520,none,,False,0.83,passed,False,none
LA04521,none,,False,0.25,passed,True,irrigation source
LA04522,none,,False,0.44,deferred,False,grazing commons
LA04523,none,,True,0.86,passed,False,none
LA04524,fundamental,landowning farmers;the local women's self-help group;representatives of the Scheduled Tribe community,False,0.57,passed,True,none
LA04525,none,,False,0.71,passed,False,none
LA04526,procedural,tenant cultivators;agricultural labourers;elected Panchayat members,False,0.3,passed,False,none
LA04527,fundamental,tenant cultivators;representatives of the Scheduled Tribe community;agricultural labourers,False,0.23,rejected,True,none
LA04528,none,,False,0.36,passed,False,none
LA04529,procedural,landowning farmers;representatives of the Scheduled Tribe community;agricultural labourers,False,0.26,passed,False,none
LA04530,none,,False,0.42,passed,False,none
LA04531,fundamental,landowning farmers,False,1.0,rejected,False,community water tank
LA04532,none,,False,1.0,passed,False,none
LA04533,fundamental,tenant cultivators,False,0.85,rejected,False,none
LA04534,procedural,local shopkeepers and traders;elected Panchayat members;representatives of the Scheduled Tribe community,True,0.56,deferred,False,none
LA04535,fundamental,landowning farmers;tenant cultivators,False,0.53,passed,True,burial ground
LA04536,none,,False,0.33,passed,False,irrigation source
LA04537,none,,True,0.36,passed,False,none
LA04538,procedural,landowning farmers;tenant cultivators,False,0.44,passed,False,none
LA04539,procedural,landowning farmers,True,0.63,deferred,False,irrigation source
LA04540,procedural,agricultural labourers,False,1.15,passed,False,none
LA04541,procedural,representatives of the Scheduled Tribe community;landowning farmers,False,0.85,deferred,False,irrigation source
LA04542,procedural,agricultural labourers;the local women's self-help group;elected Panchayat members,False,0.86,deferred,False,none
LA04543,none,,True,0.8,passed,False,irrigation source
LA04544,none,,False,0.43,passed,False,sacred grove
LA04545,procedural,landowning farmers;agricultural labourers;local shopkeepers and traders,False,0.54,deferred,False,grazing commons
LA04546,none,,True,0.39,passed,False,none
LA04547,procedural,agricultural labourers,True,0.51,deferred,False,community water tank
LA04548,procedural,landowning farmers;tenant cultivators;local shopkeepers and traders,True,0.89,deferred,False,none
LA04549,fundamental,the local women's self-help group,False,0.53,passed,True,none
LA04550,none,,False,0.82,passed,False,none
LA04551,fundamental,representatives of the Scheduled Tribe community,False,0.67,deferred,True,none
LA04552,procedural,the local women's self-help group;representatives of the Scheduled Tribe community;elected Panchayat members,False,0.67,passed,True,none
LA04553,none,,False,0.7,passed,False,none
LA04554,none,,False,0.77,passed,False,none
LA04555,none,,False,0.24,passed,False,none
LA04556,procedural,agricultural labourers;elected Panchayat members,True,0.05,deferred,False,none
LA04557,none,,False,2.0,passed,False,none
LA04558,fundamental,representatives of the Scheduled Tribe community,False,1.6,deferred,True,none
LA04559,none,,True,1.05,passed,True,community water tank
LA04560,none,,False,0.4,passed,False,none
LA04561,fundamental,representatives of the Scheduled Tribe community;agricultural labourers;tenant cultivators,False,0.64,passed,False,none
LA04562,procedural,representatives of the Scheduled Tribe community;the local women's self-help group,False,1.05,passed,False,none
LA04563,none,,False,0.77,passed,False,none
LA04564,none,,False,0.9,passed,False,none
LA04565,none,,False,1.33,passed,False,irrigation source
LA04566,fundamental,tenant cultivators,True,0.43,rejected,True,none
LA04567,procedural,tenant cultivators;agricultural labourers,False,0.73,passed,False,community water tank
LA04568,procedural,landowning farmers,True,2.67,passed,False,none
LA04569,none,,False,0.58,passed,True,community water tank
LA04570,none,,False,0.77,passed,False,none
LA04571,none,,False,0.85,passed,False,none
LA04572,none,,False,0.71,passed,False,none
LA04573,none,,False,0.77,passed,True,none
LA04574,none,,False,0.62,passed,False,none
LA04575,procedural,local shopkeepers and traders,False,0.62,deferred,True,none
LA04576,procedural,elected Panchayat members;agricultural labourers;representatives of the Scheduled Tribe community,False,0.39,deferred,False,none
LA04577,none,,True,0.62,passed,True,none
LA04578,procedural,representatives of the Scheduled Tribe community,False,0.3,deferred,False,none
LA04579,fundamental,representatives of the Scheduled Tribe community;local shopkeepers and traders;the local women's self-help group,False,0.24,deferred,False,none
LA04580,procedural,local shopkeepers and traders,False,0.05,passed,False,none
LA04581,procedural,representatives of the Scheduled Tribe community;landowning farmers,False,0.25,passed,False,none
LA04582,none,,True,2.0,passed,False,none
LA04583,fundamental,agricultural labourers,False,0.13,passed,False,none
LA04584,fundamental,tenant cultivators;landowning farmers,False,0.8,passed,True,none
LA04585,none,,False,1.14,passed,True,none
LA04586,none,,False,0.49,rejected,False,sacred grove
LA04587,procedural,landowning farmers,False,0.69,passed,True,irrigation source
LA04588,fundamental,elected Panchayat members;agricultural labourers,False,0.48,rejected,True,none
LA04589,procedural,tenant cultivators;landowning farmers,True,0.6,passed,False,none
LA04590,procedural,landowning farmers,False,0.82,deferred,False,none
LA04591,none,,False,0.54,passed,False,none
LA04592,procedural,representatives of the Scheduled Tribe community;local shopkeepers and traders;tenant cultivators,False,1.03,deferred,False,grazing commons
LA04593,none,,False,0.5,rejected,False,none
LA04594,fundamental,elected Panchayat members,False,0.55,deferred,True,none
LA04595,procedural,landowning farmers;representatives of the Scheduled Tribe community,False,0.73,rejected,False,none
LA04596,fundamental,landowning farmers,False,1.0,deferred,True,none
LA04597,procedural,the local women's self-help group;tenant cultivators,True,1.33,deferred,False,none
LA04598,procedural,the local women's self-help group,True,0.15,deferred,False,none
LA04599,none,,False,4.0,passed,False,none
LA04600,fundamental,landowning farmers;representatives of the Scheduled Tribe community;elected Panchayat members,False,0.92,deferred,True,sacred grove
LA04601,none,,True,0.35,passed,False,none
LA04602,procedural,elected Panchayat members,False,0.69,passed,False,none
LA04603,none,,True,0.52,rejected,False,none
LA04604,fundamental,representatives of the Scheduled Tribe community;the local women's self-help group,False,0.44,deferred,True,irrigation source
LA04605,fundamental,landowning farmers;representatives of the Scheduled Tribe community;tenant cultivators,False,0.34,deferred,True,none
LA04606,procedural,agricultural labourers;elected Panchayat members,False,0.6,deferred,True,none
LA04607,none,,False,0.91,passed,False,none
LA04608,fundamental,representatives of the Scheduled Tribe community;landowning farmers;agricultural labourers,False,0.41,rejected,True,none
LA04609,fundamental,landowning farmers,False,0.43,passed,False,none
LA04610,none,,False,0.85,rejected,False,none
LA04611,procedural,local shopkeepers and traders;tenant cultivators;elected Panchayat members,False,4.0,passed,True,none
LA04612,fundamental,landowning farmers;tenant cultivators;local shopkeepers and traders,False,0.08,deferred,False,none
LA04613,none,,False,0.09,passed,False,none
LA04614,procedural,tenant cultivators,False,8.0,passed,True,community water tank
LA04615,fundamental,local shopkeepers and traders;representatives of the Scheduled Tribe community;landowning farmers,True,0.52,rejected,True,community water tank
LA04616,none,,False,0.79,passed,False,irrigation source
LA04617,fundamental,elected Panchayat members;representatives of the Scheduled Tribe community;landowning farmers,False,0.87,deferred,False,grazing commons
LA04618,none,,False,0.57,deferred,False,none
LA04619,procedural,the local women's self-help group;landowning farmers,False,0.74,passed,False,grazing commons
LA04620,fundamental,agricultural labourers,False,0.97,deferred,False,none
LA04621,none,,True,0.51,passed,False,none
LA04622,fundamental,representatives of the Scheduled Tribe community;agricultural labourers,False,0.29,deferred,True,sacred grove
LA04623,procedural,representatives of the Scheduled Tribe community,False,0.88,passed,False,none
LA04624,procedural,agricultural labourers,False,0.91,deferred,False,grazing commons
LA04625,none,,False,0.38,passed,False,none
LA04626,procedural,representatives of the Scheduled Tribe community,True,0.49,deferred,False,none
LA04627,fundamental,landowning farmers;agricultural labourers,False,0.7,rejected,True,grazing commons
LA04628,none,,False,0.7,passed,False,grazing commons
LA04629,none,,False,0.85,passed,True,none
LA04630,none,,False,0.71,passed,False,community water tank
LA04631,fundamental,landowning farmers;agricultural labourers,False,0.64,passed,False,none
LA04632,fundamental,elected Panchayat members,False,0.5,deferred,False,community water tank
LA04633,procedural,landowning farmers;representatives of the Scheduled Tribe community;elected Panchayat members,False,0.58,passed,True,sacred grove
LA04634,none,,False,1.01,passed,False,none
LA04635,procedural,agricultural labourers;local shopkeepers and traders,False,0.17,deferred,False,none
LA04636,procedural,landowning farmers,False,0.44,passed,True,none
LA04637,none,,False,0.7,passed,False,irrigation source
LA04638,fundamental,agricultural labourers;elected Panchayat members,False,0.63,passed,False,grazing commons
LA04639,none,,False,0.44,passed,False,none
LA04640,none,,False,0.54,passed,False,none
LA04641,fundamental,the local women's self-help group;elected Panchayat members,False,0.28,deferred,True,none
LA04642,procedural,agricultural labourers,False,0.86,passed,False,none
LA04643,procedural,agricultural labourers;tenant cultivators;landowning farmers,False,0.67,deferred,False,none
LA04644,fundamental,agricultural labourers;landowning farmers;representatives of the Scheduled Tribe community,False,0.62,passed,True,none
LA04645,fundamental,agricultural labourers,False,1.29,rejected,True,none
LA04646,none,,False,0.57,deferred,False,irrigation source
LA04647,procedural,landowning farmers;representatives of the Scheduled Tribe community,False,0.73,passed,True,irrigation source
LA04648,none,,False,0.38,passed,False,none
LA04649,none,,True,0.3,passed,False,none
LA04650,procedural,local shopkeepers and traders;tenant cultivators,False,0.96,passed,True,none
LA04651,fundamental,representatives of the Scheduled Tribe community,False,0.43,rejected,False,none
LA04652,fundamental,agricultural labourers;local shopkeepers and traders;tenant cultivators,False,1.0,rejected,True,grazing commons
LA04653,fundamental,landowning farmers,False,0.65,passed,False,sacred grove
LA04654,procedural,representatives of the Scheduled Tribe community,False,0.05,passed,False,none
LA04655,none,,True,2.0,passed,True,community water tank
LA04656,none,,False,0.56,deferred,False,none
LA04657,none,,False,0.5,passed,False,none
LA04658,none,,False,0.55,passed,False,none
LA04659,none,,False,0.24,passed,False,none
LA04660,fundamental,agricultural labourers;tenant cultivators,False,0.29,passed,True,none
LA04661,none,,True,0.83,passed,True,none
LA04662,fundamental,local shopkeepers and traders;landowning farmers,False,0.91,passed,True,none
LA04663,fundamental,landowning farmers;agricultural labourers,False,0.4,rejected,True,none
LA04664,fundamental,agricultural labourers;landowning farmers;elected Panchayat members,False,0.18,deferred,True,none
LA04665,none,,True,0.6,passed,True,none
LA04666,none,,False,0.53,passed,False,none
LA04667,none,,False,0.49,passed,False,none
LA04668,fundamental,representatives of the Scheduled Tribe community;local shopkeepers and traders,True,1.0,deferred,True,none
LA04669,none,,False,0.44,passed,False,irrigation source
LA04670,none,,False,0.47,passed,False,none
LA04671,none,,False,0.63,passed,False,none
LA04672,none,,True,0.72,passed,False,none
LA04673,procedural,tenant cultivators;landowning farmers;elected Panchayat members,False,0.74,deferred,False,none
LA04674,fundamental,representatives of the Scheduled Tribe community;landowning farmers;elected Panchayat members,False,0.62,deferred,True,none
LA04675,procedural,elected Panchayat members,True,0.45,rejected,False,grazing commons
LA04676,procedural,representatives of the Scheduled Tribe community;the local women's self-help group,False,0.89,passed,False,none
LA04677,procedural,the local women's self-help group;agricultural labourers;elected Panchayat members,False,0.85,passed,False,none
LA04678,fundamental,local shopkeepers and traders,False,0.47,rejected,True,none
LA04679,procedural,elected Panchayat members,False,1.02,deferred,False,none
LA04680,procedural,agricultural labourers;representatives of the Scheduled Tribe community,False,0.29,deferred,True,none
LA04681,none,,False,0.54,deferred,False,grazing commons
LA04682,none,,False,2.0,rejected,False,none
LA04683,procedural,tenant cultivators;landowning farmers,False,0.73,passed,False,none
LA04684,none,,False,0.12,passed,False,none
LA04685,procedural,tenant cultivators;agricultural labourers,False,0.69,deferred,True,none
LA04686,procedural,landowning farmers;the local women's self-help group;agricultural labourers,False,0.41,deferred,False,irrigation source
LA04687,none,,False,0.23,deferred,False,none
LA04688,procedural,landowning farmers;local shopkeepers and traders;agricultural labourers,False,0.45,deferred,False,grazing commons
LA04689,none,,False,2.67,passed,False,none
LA04690,none,,False,1.18,passed,False,irrigation source
LA04691,none,,False,0.44,deferred,False,none
LA04692,fundamental,agricultural labourers;the local women's self-help group,True,0.57,deferred,False,none
LA04693,none,,False,1.07,passed,False,none
LA04694,procedural,representatives of the Scheduled Tribe community,True,1.13,deferred,False,none
LA04695,none,,True,1.33,passed,False,none
LA04696,fundamental,landowning farmers;agricultural labourers;local shopkeepers and traders,False,0.44,deferred,False,none
LA04697,procedural,landowning farmers,False,0.18,deferred,False,none
LA04698,fundamental,landowning farmers,False,0.6,passed,True,none
LA04699,procedural,local shopkeepers and traders;representatives of the Scheduled Tribe community,False,0.5,passed,False,none
LA04700,procedural,representatives of the Scheduled Tribe community;agricultural labourers;tenant cultivators,False,0.89,deferred,False,none
LA04701,none,,False,0.34,passed,False,none
LA04702,procedural,tenant cultivators,True,0.26,rejected,False,none
LA04703,none,,False,0.14,deferred,False,irrigation source
LA04704,none,,False,0.29,passed,False,none
LA04705,fundamental,local shopkeepers and traders;agricultural labourers,True,0.59,rejected,True,none
LA04706,fundamental,landowning farmers,False,0.59,rejected,True,none
LA04707,procedural,the local women's self-help group;representatives of the Scheduled Tribe community;elected Panchayat members,True,0.27,rejected,False,none
LA04708,fundamental,landowning farmers,False,0.91,deferred,False,none
LA04709,none,,False,0.62,passed,False,none
LA04710,none,,False,0.56,passed,False,none
LA04711,none,,False,0.3,passed,False,irrigation source
LA04712,none,,True,0.82,passed,True,community water tank
LA04713,fundamental,local shopkeepers and traders;landowning farmers;tenant cultivators,False,0.32,rejected,True,none
LA04714,none,,False,0.35,passed,False,none
LA04715,fundamental,elected Panchayat members;agricultural labourers;the local women's self-help group,True,0.37,deferred,False,none
LA04716,none,,False,1.2,passed,True,none
LA04717,fundamental,tenant cultivators,False,0.34,deferred,False,burial ground
LA04718,fundamental,landowning farmers,False,0.54,rejected,True,sacred grove
LA04719,procedural,the local women's self-help group,False,0.79,passed,False,none
LA04720,none,,False,0.57,passed,False,none
LA04721,fundamental,representatives of the Scheduled Tribe community;tenant cultivators,False,0.6,deferred,False,none
LA04722,procedural,landowning farmers,False,0.47,passed,False,grazing commons
LA04723,procedural,agricultural labourers;tenant cultivators,False,0.7,passed,False,none
LA04724,none,,True,0.75,passed,True,irrigation source
LA04725,none,,False,0.62,passed,False,none
LA04726,none,,False,0.72,passed,False,none
LA04727,fundamental,tenant cultivators;representatives of the Scheduled Tribe community,False,0.37,deferred,False,none
LA04728,procedural,tenant cultivators;the local women's self-help group;local shopkeepers and traders,False,0.7,passed,False,none
LA04729,none,,False,0.18,passed,False,none
LA04730,fundamental,representatives of the Scheduled Tribe community;tenant cultivators,False,0.57,deferred,True,none
LA04731,procedural,landowning farmers;representatives of the Scheduled Tribe community,False,0.44,passed,False,none
LA04732,procedural,landowning farmers;the local women's self-help group;elected Panchayat members,False,4.0,passed,False,none
LA04733,procedural,the local women's self-help group;representatives of the Scheduled Tribe community,False,0.8,rejected,False,grazing commons
LA04734,procedural,elected Panchayat members;landowning farmers;the local women's self-help group,False,0.73,rejected,False,grazing commons
LA04735,fundamental,agricultural labourers;elected Panchayat members,False,0.63,rejected,True,none
LA04736,none,,False,0.29,deferred,False,none
LA04737,fundamental,the local women's self-help group;tenant cultivators,False,0.21,deferred,True,none
LA04738,fundamental,representatives of the Scheduled Tribe community;the local women's self-help group;tenant cultivators,False,0.41,rejected,False,none
LA04739,fundamental,representatives of the Scheduled Tribe community,False,0.1,deferred,True,none
LA04740,none,,False,0.79,passed,False,none
LA04741,procedural,representatives of the Scheduled Tribe community;agricultural labourers,False,0.4,rejected,True,none
LA04742,procedural,landowning farmers;representatives of the Scheduled Tribe community,False,0.27,rejected,False,none
LA04743,procedural,tenant cultivators;the local women's self-help group;agricultural labourers,True,0.31,passed,False,none
LA04744,procedural,elected Panchayat members;landowning farmers;tenant cultivators,False,0.63,deferred,False,none
LA04745,none,,True,0.36,passed,False,irrigation source
LA04746,none,,False,0.19,passed,False,none
LA04747,fundamental,elected Panchayat members;representatives of the Scheduled Tribe community;landowning farmers,True,0.61,deferred,True,none
LA04748,procedural,tenant cultivators;representatives of the Scheduled Tribe community,False,0.62,passed,True,none
LA04749,fundamental,the local women's self-help group;tenant cultivators;representatives of the Scheduled Tribe community,False,0.82,rejected,False,irrigation source
LA04750,fundamental,agricultural labourers;landowning farmers;tenant cultivators,False,1.02,rejected,True,irrigation source
LA04751,fundamental,the local women's self-help group;representatives of the Scheduled Tribe community;landowning farmers,False,0.67,passed,True,none
LA04752,none,,False,0.83,passed,False,none
LA04753,none,,False,0.31,deferred,False,none
LA04754,fundamental,elected Panchayat members,False,0.58,rejected,True,grazing commons
LA04755,procedural,landowning farmers;agricultural labourers,True,0.44,passed,True,irrigation source
LA04756,fundamental,representatives of the Scheduled Tribe community;elected Panchayat members,False,0.66,passed,False,none
LA04757,none,,False,0.71,passed,False,none
LA04758,none,,True,1.37,passed,True,irrigation source
LA04759,procedural,tenant cultivators;local shopkeepers and traders;elected Panchayat members,False,2.67,deferred,False,none
LA04760,procedural,landowning farmers;representatives of the Scheduled Tribe community;the local women's self-help group,False,0.4,rejected,False,burial ground
LA04761,none,,False,1.33,passed,False,none
LA04762,none,,False,0.39,passed,False,none
LA04763,procedural,agricultural labourers;tenant cultivators;landowning farmers,False,0.11,deferred,True,none
LA04764,fundamental,elected Panchayat members,False,0.55,deferred,False,community water tank
LA04765,fundamental,local shopkeepers and traders,True,0.35,rejected,True,irrigation source
LA04766,procedural,tenant cultivators;landowning farmers,False,0.52,deferred,False,none
LA04767,none,,True,0.64,rejected,True,irrigation source
LA04768,fundamental,representatives of the Scheduled Tribe community,False,0.24,deferred,True,sacred grove
LA04769,none,,False,0.71,passed,False,none
LA04770,procedural,agricultural labourers;the local women's self-help group,False,1.0,deferred,False,irrigation source
LA04771,procedural,representatives of the Scheduled Tribe community;elected Panchayat members,False,0.29,passed,False,none
LA04772,procedural,agricultural labourers;tenant cultivators,False,0.57,passed,False,none
LA04773,none,,False,0.18,passed,False,sacred grove
LA04774,fundamental,local shopkeepers and traders;agricultural labourers,False,0.49,rejected,False,none
LA04775,procedural,landowning farmers;local shopkeepers and traders,True,0.67,deferred,False,none
LA04776,fundamental,tenant cultivators;representatives of the Scheduled Tribe community;agricultural labourers,False,1.0,rejected,False,sacred grove
LA04777,procedural,landowning farmers;tenant cultivators;agricultural labourers,True,0.67,deferred,False,none
LA04778,procedural,landowning farmers,False,0.6,deferred,False,none
LA04779,none,,True,0.34,passed,False,none
LA04780,none,,False,0.71,passed,False,none
LA04781,none,,False,0.14,passed,True,none
LA04782,none,,True,1.11,passed,False,none
LA04783,procedural,representatives of the Scheduled Tribe community;tenant cultivators,True,0.18,deferred,False,community water tank
LA04784,none,,False,0.77,passed,True,none
LA04785,procedural,local shopkeepers and traders,True,0.31,passed,False,none
LA04786,procedural,the local women's self-help group;agricultural labourers,False,0.35,rejected,False,none
LA04787,fundamental,local shopkeepers and traders;landowning farmers,False,0.87,rejected,True,community water tank
LA04788,fundamental,the local women's self-help group,False,0.1,rejected,True,none
LA04789,none,,False,0.42,passed,False,sacred grove
LA04790,none,,False,0.95,passed,False,community water tank
LA04791,none,,False,0.38,passed,False,irrigation source
LA04792,fundamental,agricultural labourers,True,0.82,rejected,True,none
LA04793,procedural,representatives of the Scheduled Tribe community;agricultural labourers;local shopkeepers and traders,False,1.33,passed,False,none
LA04794,procedural,agricultural labourers;elected Panchayat members,False,0.5,deferred,False,none
LA04795,none,,False,0.31,passed,False,none
LA04796,fundamental,elected Panchayat members;landowning farmers,True,0.76,passed,False,none
LA04797,none,,False,0.73,passed,False,none
LA04798,fundamental,the local women's self-help group;tenant cultivators;local shopkeepers and traders,False,0.47,deferred,True,sacred grove
LA04799,fundamental,local shopkeepers and traders;landowning farmers,True,0.27,deferred,False,none
LA04800,none,,False,0.49,passed,False,none
LA04801,none,,True,0.31,deferred,False,none
LA04802,procedural,landowning farmers,False,0.72,deferred,False,none
LA04803,none,,False,0.85,passed,False,none
LA04804,fundamental,elected Panchayat members;agricultural labourers;the local women's self-help group,True,0.05,deferred,True,none
LA04805,procedural,elected Panchayat members;landowning farmers;agricultural labourers,True,0.6,passed,False,none
LA04806,none,,False,0.67,deferred,True,none
LA04807,fundamental,tenant cultivators,False,0.24,passed,False,burial ground
LA04808,fundamental,agricultural labourers,False,0.92,deferred,False,none
LA04809,none,,False,0.42,passed,False,none
LA04810,none,,False,0.87,deferred,True,none
LA04811,none,,False,0.51,deferred,False,none
LA04812,procedural,tenant cultivators,False,0.92,deferred,True,none
LA04813,none,,False,1.03,passed,False,grazing commons
LA04814,fundamental,agricultural labourers;representatives of the Scheduled Tribe community;elected Panchayat members,False,0.46,rejected,False,none
LA04815,none,,False,1.33,deferred,False,none
LA04816,procedural,landowning farmers;the local women's self-help group;tenant cultivators,False,0.57,passed,False,none
LA04817,none,,False,2.0,passed,False,none
LA04818,none,,True,0.74,passed,True,grazing commons
LA04819,none,,False,0.84,deferred,False,none
LA04820,none,,False,0.43,passed,False,none
LA04821,fundamental,agricultural labourers;the local women's self-help group;tenant cultivators,True,0.76,deferred,True,none
LA04822,none,,False,0.59,passed,False,none
LA04823,none,,True,2.67,deferred,False,none
LA04824,fundamental,representatives of the Scheduled Tribe community,False,0.54,deferred,True,none
LA04825,fundamental,representatives of the Scheduled Tribe community;the local women's self-help group;elected Panchayat members,False,0.44,rejected,False,none
LA04826,none,,False,0.68,deferred,False,grazing commons
LA04827,fundamental,elected Panchayat members;representatives of the Scheduled Tribe community,False,0.4,passed,True,none
LA04828,fundamental,landowning farmers,False,0.66,rejected,True,none
LA04829,none,,False,0.05,passed,False,none
LA04830,procedural,tenant cultivators;the local women's self-help group;representatives of the Scheduled Tribe community,False,0.99,passed,False,sacred grove
LA04831,fundamental,local shopkeepers and traders,False,0.45,rejected,False,none
LA04832,none,,False,0.59,passed,False,none
LA04833,procedural,agricultural labourers,False,0.67,passed,False,none
LA04834,none,,False,0.22,passed,True,none
LA04835,fundamental,representatives of the Scheduled Tribe community,False,0.81,passed,False,none
LA04836,none,,True,0.54,passed,False,none
LA04837,none,,True,0.41,passed,False,none
LA04838,procedural,the local women's self-help group;agricultural labourers;representatives of the Scheduled Tribe community,False,0.5,deferred,False,none
LA04839,none,,False,0.47,passed,True,none
LA04840,none,,False,0.3,rejected,False,none
LA04841,fundamental,elected Panchayat members;agricultural labourers;landowning farmers,True,0.48,deferred,True,none
LA04842,fundamental,tenant cultivators;representatives of the Scheduled Tribe community;elected Panchayat members,False,0.4,passed,False,none
LA04843,none,,False,0.38,deferred,False,none
LA04844,procedural,tenant cultivators;landowning farmers,False,0.3,passed,False,none
LA04845,none,,True,0.56,passed,False,none
LA04846,none,,False,1.33,deferred,True,community water tank
LA04847,none,,False,0.47,passed,False,none
LA04848,none,,False,0.47,passed,False,irrigation source
LA04849,none,,False,2.0,passed,False,none
LA04850,procedural,landowning farmers;elected Panchayat members,False,0.27,deferred,False,none
LA04851,none,,False,0.29,passed,False,none
LA04852,none,,True,0.62,passed,False,irrigation source
LA04853,fundamental,tenant cultivators;agricultural labourers;landowning farmers,False,0.37,rejected,False,none
LA04854,procedural,local shopkeepers and traders,False,0.71,deferred,True,none
LA04855,fundamental,elected Panchayat members;representatives of the Scheduled Tribe community,False,0.42,deferred,False,none
LA04856,fundamental,elected Panchayat members;local shopkeepers and traders;tenant cultivators,False,0.64,rejected,True,none
LA04857,procedural,elected Panchayat members;representatives of the Scheduled Tribe community,False,0.82,passed,False,grazing commons
LA04858,procedural,elected Panchayat members;tenant cultivators,False,1.0,rejected,False,none
LA04859,fundamental,landowning farmers,False,0.68,passed,True,sacred grove
LA04860,none,,False,0.63,passed,True,none
LA04861,fundamental,elected Panchayat members;representatives of the Scheduled Tribe community,False,0.27,rejected,False,none
LA04862,none,,True,0.45,passed,False,none
LA04863,fundamental,elected Panchayat members,False,0.64,passed,True,community water tank
LA04864,none,,False,0.5,passed,False,sacred grove
LA04865,none,,False,0.92,passed,False,grazing commons
LA04866,none,,False,0.05,rejected,True,none
LA04867,none,,False,0.85,passed,False,none
LA04868,procedural,the local women's self-help group;agricultural labourers,False,2.0,passed,False,grazing commons
LA04869,fundamental,local shopkeepers and traders,True,0.19,rejected,True,none
LA04870,fundamental,representatives of the Scheduled Tribe community;the local women's self-help group,False,0.66,deferred,True,none
LA04871,fundamental,tenant cultivators,False,0.73,passed,True,none
LA04872,fundamental,landowning farmers,False,0.41,passed,True,none
LA04873,procedural,landowning farmers;agricultural labourers;elected Panchayat members,True,1.14,passed,True,none
LA04874,procedural,representatives of the Scheduled Tribe community;landowning farmers,False,1.33,deferred,False,none
LA04875,procedural,landowning farmers,False,0.42,deferred,False,none
LA04876,fundamental,local shopkeepers and traders;tenant cultivators;agricultural labourers,False,0.41,rejected,True,none
LA04877,procedural,tenant cultivators,False,0.17,rejected,False,irrigation source
LA04878,none,,False,0.77,passed,False,none
LA04879,none,,False,0.53,passed,False,none
LA04880,procedural,elected Panchayat members,False,0.57,rejected,True,none
LA04881,fundamental,agricultural labourers;elected Panchayat members,False,0.48,rejected,True,community water tank
LA04882,fundamental,representatives of the Scheduled Tribe community;landowning farmers,False,1.0,rejected,True,none
LA04883,none,,False,0.44,passed,False,none
LA04884,none,,False,0.58,passed,False,none
LA04885,fundamental,elected Panchayat members,False,1.14,passed,False,none
LA04886,none,,False,0.82,deferred,False,sacred grove
LA04887,procedural,tenant cultivators;the local women's self-help group,False,0.58,passed,False,none
LA04888,procedural,landowning farmers,False,0.32,deferred,False,none
LA04889,none,,True,0.63,passed,True,none
LA04890,procedural,elected Panchayat members;tenant cultivators;agricultural labourers,False,0.77,deferred,True,none
LA04891,procedural,representatives of the Scheduled Tribe community;landowning farmers;elected Panchayat members,False,0.6,passed,False,none
LA04892,fundamental,tenant cultivators;agricultural labourers,False,0.21,passed,False,grazing commons
LA04893,none,,False,0.67,passed,False,none
LA04894,none,,False,0.56,passed,False,none
LA04895,none,,True,0.62,passed,False,irrigation source
LA04896,none,,False,0.52,deferred,False,irrigation source
LA04897,none,,False,1.14,rejected,True,community water tank
LA04898,procedural,landowning farmers;agricultural labourers,False,0.43,rejected,False,irrigation source
LA04899,none,,False,1.0,passed,True,community water tank
LA04900,none,,False,0.66,passed,False,none
LA04901,none,,False,0.9,passed,False,community water tank
LA04902,none,,True,0.29,passed,True,none
LA04903,procedural,agricultural labourers;landowning farmers;elected Panchayat members,False,4.0,deferred,False,none
LA04904,none,,False,1.6,passed,False,none
LA04905,none,,False,0.71,passed,False,community water tank
LA04906,procedural,landowning farmers;elected Panchayat members,True,0.68,passed,False,none
LA04907,procedural,landowning farmers;agricultural labourers,False,0.48,deferred,False,none
LA04908,procedural,tenant cultivators;agricultural labourers,False,0.49,rejected,False,grazing commons
LA04909,procedural,elected Panchayat members;representatives of the Scheduled Tribe community,True,0.98,deferred,False,none
LA04910,procedural,representatives of the Scheduled Tribe community;local shopkeepers and traders,False,0.68,deferred,False,none
LA04911,fundamental,landowning farmers,False,0.66,rejected,True,burial ground
LA04912,procedural,landowning farmers;agricultural labourers,False,1.04,deferred,False,none
LA04913,none,,False,0.5,passed,False,none
LA04914,none,,False,1.21,passed,False,irrigation source
LA04915,fundamental,tenant cultivators;elected Panchayat members;agricultural labourers,False,0.49,deferred,False,community water tank
LA04916,procedural,tenant cultivators;agricultural labourers,True,0.19,passed,False,none
LA04917,none,,False,0.67,passed,False,none
LA04918,fundamental,tenant cultivators,False,0.12,rejected,False,grazing commons
LA04919,procedural,landowning farmers,False,0.09,deferred,False,none
LA04920,procedural,the local women's self-help group;elected Panchayat members,True,1.24,deferred,False,none
LA04921,none,,True,0.31,passed,False,none
LA04922,procedural,the local women's self-help group;tenant cultivators;elected Panchayat members,False,0.61,rejected,False,none
LA04923,procedural,representatives of the Scheduled Tribe community,False,0.18,deferred,False,grazing commons
LA04924,procedural,elected Panchayat members;landowning farmers,False,0.62,deferred,False,irrigation source
LA04925,none,,False,1.03,passed,False,none
LA04926,procedural,tenant cultivators,True,0.38,passed,True,none
LA04927,none,,False,0.86,passed,False,none
LA04928,procedural,the local women's self-help group;landowning farmers,False,0.79,deferred,False,none
LA04929,procedural,tenant cultivators,False,1.6,rejected,False,none
LA04930,procedural,representatives of the Scheduled Tribe community,False,0.26,deferred,False,none
LA04931,none,,False,0.45,passed,False,none
LA04932,none,,False,1.35,deferred,False,none
LA04933,fundamental,representatives of the Scheduled Tribe community;elected Panchayat members,False,0.09,rejected,True,irrigation source
LA04934,procedural,elected Panchayat members;landowning farmers;the local women's self-help group,False,0.46,deferred,False,irrigation source
LA04935,procedural,landowning farmers;tenant cultivators,False,0.47,deferred,False,community water tank
LA04936,procedural,the local women's self-help group,False,0.82,passed,False,none
LA04937,procedural,tenant cultivators;agricultural labourers;landowning farmers,False,0.23,passed,False,none
LA04938,none,,False,0.45,deferred,False,none
LA04939,none,,False,0.2,passed,False,none
LA04940,procedural,elected Panchayat members,False,0.31,deferred,False,none
LA04941,none,,False,0.07,passed,False,none
LA04942,procedural,tenant cultivators;landowning farmers,True,0.52,deferred,False,irrigation source
LA04943,none,,False,0.45,passed,False,none
LA04944,none,,False,0.66,passed,False,none
LA04945,none,,False,0.4,deferred,False,none
LA04946,fundamental,local shopkeepers and traders;representatives of the Scheduled Tribe community;elected Panchayat members,False,0.73,rejected,False,none
LA04947,none,,False,0.77,passed,False,none
LA04948,procedural,tenant cultivators;elected Panchayat members,False,1.28,passed,False,none
LA04949,fundamental,elected Panchayat members,False,0.74,rejected,True,none
LA04950,procedural,representatives of the Scheduled Tribe community,True,0.5,deferred,False,none
LA04951,none,,False,0.65,passed,False,none
LA04952,none,,False,0.87,passed,False,none
LA04953,fundamental,elected Panchayat members,False,2.67,deferred,False,sacred grove
LA04954,fundamental,landowning farmers;elected Panchayat members;representatives of the Scheduled Tribe community,True,0.49,rejected,True,none
LA04955,fundamental,agricultural labourers;the local women's self-help group;elected Panchayat members,False,0.45,passed,True,none
LA04956,none,,False,0.42,passed,False,none
LA04957,procedural,representatives of the Scheduled Tribe community;agricultural labourers;local shopkeepers and traders,True,0.38,deferred,False,none
LA04958,none,,True,0.95,passed,False,none
LA04959,none,,False,0.8,passed,False,none
LA04960,none,,False,4.0,passed,False,none
LA04961,procedural,landowning farmers;agricultural labourers,False,0.63,deferred,False,none
LA04962,none,,False,0.9,passed,False,none
LA04963,fundamental,elected Panchayat members;landowning farmers,True,8.0,rejected,False,none
LA04964,fundamental,tenant cultivators;representatives of the Scheduled Tribe community;landowning farmers,True,0.57,rejected,True,sacred grove
LA04965,fundamental,local shopkeepers and traders,False,0.5,rejected,True,community water tank
LA04966,fundamental,agricultural labourers;representatives of the Scheduled Tribe community,True,0.47,rejected,False,none
LA04967,none,,False,0.65,deferred,False,community water tank
LA04968,procedural,elected Panchayat members;landowning farmers;agricultural labourers,False,0.31,deferred,False,none
LA04969,none,,True,0.42,passed,False,none
LA04970,none,,False,4.0,deferred,False,none
LA04971,none,,False,0.78,deferred,False,community water tank
LA04972,fundamental,landowning farmers;representatives of the Scheduled Tribe community,True,1.0,passed,False,none
LA04973,none,,True,1.14,passed,True,none
LA04974,procedural,tenant cultivators,False,0.95,deferred,False,none
LA04975,procedural,agricultural labourers,False,0.56,deferred,False,none
LA04976,fundamental,agricultural labourers;tenant cultivators,False,0.4,rejected,False,grazing commons
LA04977,none,,True,0.73,passed,False,none
LA04978,procedural,local shopkeepers and traders,True,0.43,deferred,False,community water tank
LA04979,fundamental,representatives of the Scheduled Tribe community,False,0.53,deferred,True,none
LA04980,fundamental,representatives of the Scheduled Tribe community;elected Panchayat members,True,0.37,deferred,False,none
LA04981,none,,False,0.05,passed,False,none
LA04982,none,,False,0.79,passed,False,none
LA04983,procedural,tenant cultivators;agricultural labourers,False,0.05,passed,True,grazing commons
LA04984,none,,False,0.8,passed,False,none
LA04985,procedural,landowning farmers;representatives of the Scheduled Tribe community,False,0.56,passed,False,none
LA04986,none,,False,0.07,passed,False,none
LA04987,fundamental,agricultural labourers,False,0.62,rejected,True,none
LA04988,none,,False,0.83,passed,False,none
LA04989,none,,False,0.73,passed,False,none
LA04990,none,,False,1.35,passed,False,community water tank
LA04991,fundamental,elected Panchayat members,True,1.0,deferred,True,sacred grove
LA04992,procedural,the local women's self-help group;local shopkeepers and traders;landowning farmers,False,0.62,deferred,False,none
LA04993,procedural,landowning farmers;tenant cultivators;the local women's self-help group,True,0.68,passed,False,none
LA04994,none,,False,0.6,deferred,False,irrigation source
LA04995,none,,False,0.24,passed,False,community water tank
LA04996,none,,True,0.5,passed,False,none
LA04997,procedural,landowning farmers;local shopkeepers and traders;tenant cultivators,False,0.46,passed,False,none
LA04998,procedural,landowning farmers;the local women's self-help group,False,0.83,rejected,False,grazing commons
LA04999,procedural,representatives of the Scheduled Tribe community;agricultural labourers;landowning farmers,False,0.71,passed,False,none
LA05000,procedural,the local women's self-help group;elected Panchayat members;representatives of the Scheduled Tribe community,True,0.44,deferred,False,grazing commons
